gen1	gen2	phenotype	pvalue
P	PP	eggsize	0.004062394
PP	P	eggsize	0.004062394
P	PPP	eggsize	1.0
PPP	P	eggsize	1.0
P	PPR	eggsize	0.000109139
PPR	P	eggsize	0.000109139
P	PPS	eggsize	2.27e-06
PPS	P	eggsize	2.27e-06
P	PR	eggsize	4.92e-09
PR	P	eggsize	4.92e-09
P	PRP	eggsize	1.0
PRP	P	eggsize	1.0
P	PRR	eggsize	0.010872966
PRR	P	eggsize	0.010872966
P	PS	eggsize	1.49e-08
PS	P	eggsize	1.49e-08
P	PSP	eggsize	1.0
PSP	P	eggsize	1.0
P	PSS	eggsize	1.0
PSS	P	eggsize	1.0
P	R	eggsize	1.0
R	P	eggsize	1.0
P	RP	eggsize	0.001226043
RP	P	eggsize	0.001226043
P	RPP	eggsize	1.0
RPP	P	eggsize	1.0
P	RPR	eggsize	1.0
RPR	P	eggsize	1.0
P	RR	eggsize	2.15e-08
RR	P	eggsize	2.15e-08
P	RRP	eggsize	1.0
RRP	P	eggsize	1.0
P	RRR	eggsize	0.588745739
RRR	P	eggsize	0.588745739
P	RRS	eggsize	1.0
RRS	P	eggsize	1.0
P	RS	eggsize	3.08e-06
RS	P	eggsize	3.08e-06
P	RSR	eggsize	1.42e-07
RSR	P	eggsize	1.42e-07
P	RSS	eggsize	0.00042745
RSS	P	eggsize	0.00042745
P	S	eggsize	1.0
S	P	eggsize	1.0
P	SS	eggsize	1.0
SS	P	eggsize	1.0
P	SSS	eggsize	1.0
SSS	P	eggsize	1.0
PP	PPP	eggsize	1.0
PPP	PP	eggsize	1.0
PP	PPR	eggsize	1.0
PPR	PP	eggsize	1.0
PP	PPS	eggsize	1.0
PPS	PP	eggsize	1.0
PP	PR	eggsize	1.0
PR	PP	eggsize	1.0
PP	PRP	eggsize	0.097864614
PRP	PP	eggsize	0.097864614
PP	PRR	eggsize	1.0
PRR	PP	eggsize	1.0
PP	PS	eggsize	1.0
PS	PP	eggsize	1.0
PP	PSP	eggsize	1.0
PSP	PP	eggsize	1.0
PP	PSS	eggsize	1.0
PSS	PP	eggsize	1.0
PP	R	eggsize	0.000134593
R	PP	eggsize	0.000134593
PP	RP	eggsize	1.0
RP	PP	eggsize	1.0
PP	RPP	eggsize	0.399154985
RPP	PP	eggsize	0.399154985
PP	RPR	eggsize	0.049652664
RPR	PP	eggsize	0.049652664
PP	RR	eggsize	1.0
RR	PP	eggsize	1.0
PP	RRP	eggsize	1.0
RRP	PP	eggsize	1.0
PP	RRR	eggsize	1.0
RRR	PP	eggsize	1.0
PP	RRS	eggsize	1.0
RRS	PP	eggsize	1.0
PP	RS	eggsize	1.0
RS	PP	eggsize	1.0
PP	RSR	eggsize	1.0
RSR	PP	eggsize	1.0
PP	RSS	eggsize	1.0
RSS	PP	eggsize	1.0
PP	S	eggsize	0.00596591
S	PP	eggsize	0.00596591
PP	SS	eggsize	1.0
SS	PP	eggsize	1.0
PP	SSS	eggsize	1.0
SSS	PP	eggsize	1.0
PPP	PPR	eggsize	1.0
PPR	PPP	eggsize	1.0
PPP	PPS	eggsize	0.216780812
PPS	PPP	eggsize	0.216780812
PPP	PR	eggsize	0.004477209
PR	PPP	eggsize	0.004477209
PPP	PRP	eggsize	1.0
PRP	PPP	eggsize	1.0
PPP	PRR	eggsize	1.0
PRR	PPP	eggsize	1.0
PPP	PS	eggsize	0.006363864
PS	PPP	eggsize	0.006363864
PPP	PSP	eggsize	1.0
PSP	PPP	eggsize	1.0
PPP	PSS	eggsize	1.0
PSS	PPP	eggsize	1.0
PPP	R	eggsize	0.142397874
R	PPP	eggsize	0.142397874
PPP	RP	eggsize	1.0
RP	PPP	eggsize	1.0
PPP	RPP	eggsize	1.0
RPP	PPP	eggsize	1.0
PPP	RPR	eggsize	1.0
RPR	PPP	eggsize	1.0
PPP	RR	eggsize	0.01686478
RR	PPP	eggsize	0.01686478
PPP	RRP	eggsize	1.0
RRP	PPP	eggsize	1.0
PPP	RRR	eggsize	1.0
RRR	PPP	eggsize	1.0
PPP	RRS	eggsize	1.0
RRS	PPP	eggsize	1.0
PPP	RS	eggsize	0.548976338
RS	PPP	eggsize	0.548976338
PPP	RSR	eggsize	0.049010064
RSR	PPP	eggsize	0.049010064
PPP	RSS	eggsize	1.0
RSS	PPP	eggsize	1.0
PPP	S	eggsize	1.0
S	PPP	eggsize	1.0
PPP	SS	eggsize	1.0
SS	PPP	eggsize	1.0
PPP	SSS	eggsize	1.0
SSS	PPP	eggsize	1.0
PPR	PPS	eggsize	1.0
PPS	PPR	eggsize	1.0
PPR	PR	eggsize	1.0
PR	PPR	eggsize	1.0
PPR	PRP	eggsize	0.00577108
PRP	PPR	eggsize	0.00577108
PPR	PRR	eggsize	1.0
PRR	PPR	eggsize	1.0
PPR	PS	eggsize	1.0
PS	PPR	eggsize	1.0
PPR	PSP	eggsize	1.0
PSP	PPR	eggsize	1.0
PPR	PSS	eggsize	0.112891211
PSS	PPR	eggsize	0.112891211
PPR	R	eggsize	2.85e-06
R	PPR	eggsize	2.85e-06
PPR	RP	eggsize	1.0
RP	PPR	eggsize	1.0
PPR	RPP	eggsize	0.035576708
RPP	PPR	eggsize	0.035576708
PPR	RPR	eggsize	0.002132564
RPR	PPR	eggsize	0.002132564
PPR	RR	eggsize	1.0
RR	PPR	eggsize	1.0
PPR	RRP	eggsize	0.98267769
RRP	PPR	eggsize	0.98267769
PPR	RRR	eggsize	1.0
RRR	PPR	eggsize	1.0
PPR	RRS	eggsize	0.120194215
RRS	PPR	eggsize	0.120194215
PPR	RS	eggsize	1.0
RS	PPR	eggsize	1.0
PPR	RSR	eggsize	1.0
RSR	PPR	eggsize	1.0
PPR	RSS	eggsize	1.0
RSS	PPR	eggsize	1.0
PPR	S	eggsize	0.000172574
S	PPR	eggsize	0.000172574
PPR	SS	eggsize	0.898748133
SS	PPR	eggsize	0.898748133
PPR	SSS	eggsize	1.0
SSS	PPR	eggsize	1.0
PPS	PR	eggsize	1.0
PR	PPS	eggsize	1.0
PPS	PRP	eggsize	0.000256812
PRP	PPS	eggsize	0.000256812
PPS	PRR	eggsize	1.0
PRR	PPS	eggsize	1.0
PPS	PS	eggsize	1.0
PS	PPS	eggsize	1.0
PPS	PSP	eggsize	0.278335516
PSP	PPS	eggsize	0.278335516
PPS	PSS	eggsize	0.007577563
PSS	PPS	eggsize	0.007577563
PPS	R	eggsize	5.22e-08
R	PPS	eggsize	5.22e-08
PPS	RP	eggsize	1.0
RP	PPS	eggsize	1.0
PPS	RPP	eggsize	0.002408129
RPP	PPS	eggsize	0.002408129
PPS	RPR	eggsize	6.72e-05
RPR	PPS	eggsize	6.72e-05
PPS	RR	eggsize	1.0
RR	PPS	eggsize	1.0
PPS	RRP	eggsize	0.105225885
RRP	PPS	eggsize	0.105225885
PPS	RRR	eggsize	0.893247016
RRR	PPS	eggsize	0.893247016
PPS	RRS	eggsize	0.010430093
RRS	PPS	eggsize	0.010430093
PPS	RS	eggsize	1.0
RS	PPS	eggsize	1.0
PPS	RSR	eggsize	1.0
RSR	PPS	eggsize	1.0
PPS	RSS	eggsize	1.0
RSS	PPS	eggsize	1.0
PPS	S	eggsize	3.83e-06
S	PPS	eggsize	3.83e-06
PPS	SS	eggsize	0.099706574
SS	PPS	eggsize	0.099706574
PPS	SSS	eggsize	0.145374755
SSS	PPS	eggsize	0.145374755
PR	PRP	eggsize	1.51e-06
PRP	PR	eggsize	1.51e-06
PR	PRR	eggsize	1.0
PRR	PR	eggsize	1.0
PR	PS	eggsize	1.0
PS	PR	eggsize	1.0
PR	PSP	eggsize	0.007659134
PSP	PR	eggsize	0.007659134
PR	PSS	eggsize	7.21e-05
PSS	PR	eggsize	7.21e-05
PR	R	eggsize	1.09e-10
R	PR	eggsize	1.09e-10
PR	RP	eggsize	1.0
RP	PR	eggsize	1.0
PR	RPP	eggsize	2.55e-05
RPP	PR	eggsize	2.55e-05
PR	RPR	eggsize	2.39e-07
RPR	PR	eggsize	2.39e-07
PR	RR	eggsize	1.0
RR	PR	eggsize	1.0
PR	RRP	eggsize	0.001890121
RRP	PR	eggsize	0.001890121
PR	RRR	eggsize	0.027200233
RRR	PR	eggsize	0.027200233
PR	RRS	eggsize	0.000155973
RRS	PR	eggsize	0.000155973
PR	RS	eggsize	1.0
RS	PR	eggsize	1.0
PR	RSR	eggsize	1.0
RSR	PR	eggsize	1.0
PR	RSS	eggsize	1.0
RSS	PR	eggsize	1.0
PR	S	eggsize	9.02e-09
S	PR	eggsize	9.02e-09
PR	SS	eggsize	0.0019365
SS	PR	eggsize	0.0019365
PR	SSS	eggsize	0.002510152
SSS	PR	eggsize	0.002510152
PRP	PRR	eggsize	0.221816253
PRR	PRP	eggsize	0.221816253
PRP	PS	eggsize	3.09e-06
PS	PRP	eggsize	3.09e-06
PRP	PSP	eggsize	1.0
PSP	PRP	eggsize	1.0
PRP	PSS	eggsize	1.0
PSS	PRP	eggsize	1.0
PRP	R	eggsize	1.0
R	PRP	eggsize	1.0
PRP	RP	eggsize	0.034303547
RP	PRP	eggsize	0.034303547
PRP	RPP	eggsize	1.0
RPP	PRP	eggsize	1.0
PRP	RPR	eggsize	1.0
RPR	PRP	eggsize	1.0
PRP	RR	eggsize	6.49e-06
RR	PRP	eggsize	6.49e-06
PRP	RRP	eggsize	1.0
RRP	PRP	eggsize	1.0
PRP	RRR	eggsize	1.0
RRR	PRP	eggsize	1.0
PRP	RRS	eggsize	1.0
RRS	PRP	eggsize	1.0
PRP	RS	eggsize	0.00052294
RS	PRP	eggsize	0.00052294
PRP	RSR	eggsize	2.91e-05
RSR	PRP	eggsize	2.91e-05
PRP	RSS	eggsize	0.018753469
RSS	PRP	eggsize	0.018753469
PRP	S	eggsize	1.0
S	PRP	eggsize	1.0
PRP	SS	eggsize	1.0
SS	PRP	eggsize	1.0
PRP	SSS	eggsize	1.0
SSS	PRP	eggsize	1.0
PRR	PS	eggsize	1.0
PS	PRR	eggsize	1.0
PRR	PSP	eggsize	1.0
PSP	PRR	eggsize	1.0
PRR	PSS	eggsize	1.0
PSS	PRR	eggsize	1.0
PRR	R	eggsize	0.000381193
R	PRR	eggsize	0.000381193
PRR	RP	eggsize	1.0
RP	PRR	eggsize	1.0
PRR	RPP	eggsize	0.821676822
RPP	PRR	eggsize	0.821676822
PRR	RPR	eggsize	0.120172376
RPR	PRR	eggsize	0.120172376
PRR	RR	eggsize	1.0
RR	PRR	eggsize	1.0
PRR	RRP	eggsize	1.0
RRP	PRR	eggsize	1.0
PRR	RRR	eggsize	1.0
RRR	PRR	eggsize	1.0
PRR	RRS	eggsize	1.0
RRS	PRR	eggsize	1.0
PRR	RS	eggsize	1.0
RS	PRR	eggsize	1.0
PRR	RSR	eggsize	1.0
RSR	PRR	eggsize	1.0
PRR	RSS	eggsize	1.0
RSS	PRR	eggsize	1.0
PRR	S	eggsize	0.015729248
S	PRR	eggsize	0.015729248
PRR	SS	eggsize	1.0
SS	PRR	eggsize	1.0
PRR	SSS	eggsize	1.0
SSS	PRR	eggsize	1.0
PS	PSP	eggsize	0.01014199
PSP	PS	eggsize	0.01014199
PS	PSS	eggsize	0.000126756
PSS	PS	eggsize	0.000126756
PS	R	eggsize	3.32e-10
R	PS	eggsize	3.32e-10
PS	RP	eggsize	1.0
RP	PS	eggsize	1.0
PS	RPP	eggsize	4.31e-05
RPP	PS	eggsize	4.31e-05
PS	RPR	eggsize	5.92e-07
RPR	PS	eggsize	5.92e-07
PS	RR	eggsize	1.0
RR	PS	eggsize	1.0
PS	RRP	eggsize	0.002779212
RRP	PS	eggsize	0.002779212
PS	RRR	eggsize	0.035375717
RRR	PS	eggsize	0.035375717
PS	RRS	eggsize	0.000239064
RRS	PS	eggsize	0.000239064
PS	RS	eggsize	1.0
RS	PS	eggsize	1.0
PS	RSR	eggsize	1.0
RSR	PS	eggsize	1.0
PS	RSS	eggsize	1.0
RSS	PS	eggsize	1.0
PS	S	eggsize	2.64e-08
S	PS	eggsize	2.64e-08
PS	SS	eggsize	0.00278702
SS	PS	eggsize	0.00278702
PS	SSS	eggsize	0.003737931
SSS	PS	eggsize	0.003737931
PSP	PSS	eggsize	1.0
PSS	PSP	eggsize	1.0
PSP	R	eggsize	0.341785096
R	PSP	eggsize	0.341785096
PSP	RP	eggsize	1.0
RP	PSP	eggsize	1.0
PSP	RPP	eggsize	1.0
RPP	PSP	eggsize	1.0
PSP	RPR	eggsize	1.0
RPR	PSP	eggsize	1.0
PSP	RR	eggsize	0.027177934
RR	PSP	eggsize	0.027177934
PSP	RRP	eggsize	1.0
RRP	PSP	eggsize	1.0
PSP	RRR	eggsize	1.0
RRR	PSP	eggsize	1.0
PSP	RRS	eggsize	1.0
RRS	PSP	eggsize	1.0
PSP	RS	eggsize	0.699710001
RS	PSP	eggsize	0.699710001
PSP	RSR	eggsize	0.071704833
RSR	PSP	eggsize	0.071704833
PSP	RSS	eggsize	1.0
RSS	PSP	eggsize	1.0
PSP	S	eggsize	1.0
S	PSP	eggsize	1.0
PSP	SS	eggsize	1.0
SS	PSP	eggsize	1.0
PSP	SSS	eggsize	1.0
SSS	PSP	eggsize	1.0
PSS	R	eggsize	1.0
R	PSS	eggsize	1.0
PSS	RP	eggsize	0.470227091
RP	PSS	eggsize	0.470227091
PSS	RPP	eggsize	1.0
RPP	PSS	eggsize	1.0
PSS	RPR	eggsize	1.0
RPR	PSS	eggsize	1.0
PSS	RR	eggsize	0.000300373
RR	PSS	eggsize	0.000300373
PSS	RRP	eggsize	1.0
RRP	PSS	eggsize	1.0
PSS	RRR	eggsize	1.0
RRR	PSS	eggsize	1.0
PSS	RRS	eggsize	1.0
RRS	PSS	eggsize	1.0
PSS	RS	eggsize	0.017595332
RS	PSS	eggsize	0.017595332
PSS	RSR	eggsize	0.001136528
RSR	PSS	eggsize	0.001136528
PSS	RSS	eggsize	0.323168386
RSS	PSS	eggsize	0.323168386
PSS	S	eggsize	1.0
S	PSS	eggsize	1.0
PSS	SS	eggsize	1.0
SS	PSS	eggsize	1.0
PSS	SSS	eggsize	1.0
SSS	PSS	eggsize	1.0
R	RP	eggsize	3.91e-05
RP	R	eggsize	3.91e-05
R	RPP	eggsize	1.0
RPP	R	eggsize	1.0
R	RPR	eggsize	1.0
RPR	R	eggsize	1.0
R	RR	eggsize	4.73e-10
RR	R	eggsize	4.73e-10
R	RRP	eggsize	0.334868444
RRP	R	eggsize	0.334868444
R	RRR	eggsize	0.030969586
RRR	R	eggsize	0.030969586
R	RRS	eggsize	1.0
RRS	R	eggsize	1.0
R	RS	eggsize	6.74e-08
RS	R	eggsize	6.74e-08
R	RSR	eggsize	3.12e-09
RSR	R	eggsize	3.12e-09
R	RSS	eggsize	1.16e-05
RSS	R	eggsize	1.16e-05
R	S	eggsize	1.0
S	R	eggsize	1.0
R	SS	eggsize	0.528213299
SS	R	eggsize	0.528213299
R	SSS	eggsize	0.141887685
SSS	R	eggsize	0.141887685
RP	RPP	eggsize	0.154333668
RPP	RP	eggsize	0.154333668
RP	RPR	eggsize	0.016317191
RPR	RP	eggsize	0.016317191
RP	RR	eggsize	1.0
RR	RP	eggsize	1.0
RP	RRP	eggsize	1.0
RRP	RP	eggsize	1.0
RP	RRR	eggsize	1.0
RRR	RP	eggsize	1.0
RP	RRS	eggsize	0.434009031
RRS	RP	eggsize	0.434009031
RP	RS	eggsize	1.0
RS	RP	eggsize	1.0
RP	RSR	eggsize	1.0
RSR	RP	eggsize	1.0
RP	RSS	eggsize	1.0
RSS	RP	eggsize	1.0
RP	S	eggsize	0.001822717
S	RP	eggsize	0.001822717
RP	SS	eggsize	1.0
SS	RP	eggsize	1.0
RP	SSS	eggsize	1.0
SSS	RP	eggsize	1.0
RPP	RPR	eggsize	1.0
RPR	RPP	eggsize	1.0
RPP	RR	eggsize	0.000104033
RR	RPP	eggsize	0.000104033
RPP	RRP	eggsize	1.0
RRP	RPP	eggsize	1.0
RPP	RRR	eggsize	1.0
RRR	RPP	eggsize	1.0
RPP	RRS	eggsize	1.0
RRS	RPP	eggsize	1.0
RPP	RS	eggsize	0.005595449
RS	RPP	eggsize	0.005595449
RPP	RSR	eggsize	0.000376823
RSR	RPP	eggsize	0.000376823
RPP	RSS	eggsize	0.10261082
RSS	RPP	eggsize	0.10261082
RPP	S	eggsize	1.0
S	RPP	eggsize	1.0
RPP	SS	eggsize	1.0
SS	RPP	eggsize	1.0
RPP	SSS	eggsize	1.0
SSS	RPP	eggsize	1.0
RPR	RR	eggsize	1.05e-06
RR	RPR	eggsize	1.05e-06
RPR	RRP	eggsize	1.0
RRP	RPR	eggsize	1.0
RPR	RRR	eggsize	1.0
RRR	RPR	eggsize	1.0
RPR	RRS	eggsize	1.0
RRS	RPR	eggsize	1.0
RPR	RS	eggsize	0.000116166
RS	RPR	eggsize	0.000116166
RPR	RSR	eggsize	5.72e-06
RSR	RPR	eggsize	5.72e-06
RPR	RSS	eggsize	0.007550914
RSS	RPR	eggsize	0.007550914
RPR	S	eggsize	1.0
S	RPR	eggsize	1.0
RPR	SS	eggsize	1.0
SS	RPR	eggsize	1.0
RPR	SSS	eggsize	1.0
SSS	RPR	eggsize	1.0
RR	RRP	eggsize	0.007264642
RRP	RR	eggsize	0.007264642
RR	RRR	eggsize	0.095624668
RRR	RR	eggsize	0.095624668
RR	RRS	eggsize	0.000608696
RRS	RR	eggsize	0.000608696
RR	RS	eggsize	1.0
RS	RR	eggsize	1.0
RR	RSR	eggsize	1.0
RSR	RR	eggsize	1.0
RR	RSS	eggsize	1.0
RSS	RR	eggsize	1.0
RR	S	eggsize	3.95e-08
S	RR	eggsize	3.95e-08
RR	SS	eggsize	0.007327565
SS	RR	eggsize	0.007327565
RR	SSS	eggsize	0.009750491
SSS	RR	eggsize	0.009750491
RRP	RRR	eggsize	1.0
RRR	RRP	eggsize	1.0
RRP	RRS	eggsize	1.0
RRS	RRP	eggsize	1.0
RRP	RS	eggsize	0.26427758
RS	RRP	eggsize	0.26427758
RRP	RSR	eggsize	0.022096085
RSR	RRP	eggsize	0.022096085
RRP	RSS	eggsize	1.0
RSS	RRP	eggsize	1.0
RRP	S	eggsize	1.0
S	RRP	eggsize	1.0
RRP	SS	eggsize	1.0
SS	RRP	eggsize	1.0
RRP	SSS	eggsize	1.0
SSS	RRP	eggsize	1.0
RRR	RRS	eggsize	1.0
RRS	RRR	eggsize	1.0
RRR	RS	eggsize	1.0
RS	RRR	eggsize	1.0
RRR	RSR	eggsize	0.24497003
RSR	RRR	eggsize	0.24497003
RRR	RSS	eggsize	1.0
RSS	RRR	eggsize	1.0
RRR	S	eggsize	0.782486026
S	RRR	eggsize	0.782486026
RRR	SS	eggsize	1.0
SS	RRR	eggsize	1.0
RRR	SSS	eggsize	1.0
SSS	RRR	eggsize	1.0
RRS	RS	eggsize	0.025390047
RS	RRS	eggsize	0.025390047
RRS	RSR	eggsize	0.001957832
RSR	RRS	eggsize	0.001957832
RRS	RSS	eggsize	0.320595358
RSS	RRS	eggsize	0.320595358
RRS	S	eggsize	1.0
S	RRS	eggsize	1.0
RRS	SS	eggsize	1.0
SS	RRS	eggsize	1.0
RRS	SSS	eggsize	1.0
SSS	RRS	eggsize	1.0
RS	RSR	eggsize	1.0
RSR	RS	eggsize	1.0
RS	RSS	eggsize	1.0
RSS	RS	eggsize	1.0
RS	S	eggsize	5.43e-06
S	RS	eggsize	5.43e-06
RS	SS	eggsize	0.250394057
SS	RS	eggsize	0.250394057
RS	SSS	eggsize	0.366430871
SSS	RS	eggsize	0.366430871
RSR	RSS	eggsize	1.0
RSS	RSR	eggsize	1.0
RSR	S	eggsize	2.52e-07
S	RSR	eggsize	2.52e-07
RSR	SS	eggsize	0.021683806
SS	RSR	eggsize	0.021683806
RSR	SSS	eggsize	0.030116639
SSS	RSR	eggsize	0.030116639
RSS	S	eggsize	0.000665772
S	RSS	eggsize	0.000665772
RSS	SS	eggsize	1.0
SS	RSS	eggsize	1.0
RSS	SSS	eggsize	1.0
SSS	RSS	eggsize	1.0
S	SS	eggsize	1.0
SS	S	eggsize	1.0
S	SSS	eggsize	1.0
SSS	S	eggsize	1.0
SS	SSS	eggsize	1.0
SSS	SS	eggsize	1.0
P	PP	mass	1.0
PP	P	mass	1.0
P	PPP	mass	1.0
PPP	P	mass	1.0
PP	PPP	mass	1.0
PPP	PP	mass	1.0
P	PPR	mass	0.000115739
PPR	P	mass	0.000115739
PP	PPR	mass	7.02e-05
PPR	PP	mass	7.02e-05
PPP	PPR	mass	0.001712471
PPR	PPP	mass	0.001712471
P	PPS	mass	1.6e-08
PPS	P	mass	1.6e-08
PP	PPS	mass	2.94e-08
PPS	PP	mass	2.94e-08
PPP	PPS	mass	5.54e-06
PPS	PPP	mass	5.54e-06
PPR	PPS	mass	1.0
PPS	PPR	mass	1.0
P	PR	mass	4.93e-12
PR	P	mass	4.93e-12
PP	PR	mass	4.48e-11
PR	PP	mass	4.48e-11
PPP	PR	mass	5.38e-08
PR	PPP	mass	5.38e-08
PPR	PR	mass	1.0
PR	PPR	mass	1.0
PPS	PR	mass	1.0
PR	PPS	mass	1.0
P	PRP	mass	1.0
PRP	P	mass	1.0
PP	PRP	mass	1.0
PRP	PP	mass	1.0
PPP	PRP	mass	1.0
PRP	PPP	mass	1.0
PPR	PRP	mass	0.000904615
PRP	PPR	mass	0.000904615
PPS	PRP	mass	1.85e-06
PRP	PPS	mass	1.85e-06
PR	PRP	mass	1.18e-08
PRP	PR	mass	1.18e-08
P	PRR	mass	2.55e-08
PRR	P	mass	2.55e-08
PP	PRR	mass	3.92e-08
PRR	PP	mass	3.92e-08
PPP	PRR	mass	5.87e-06
PRR	PPP	mass	5.87e-06
PPR	PRR	mass	1.0
PRR	PPR	mass	1.0
PPS	PRR	mass	1.0
PRR	PPS	mass	1.0
PR	PRR	mass	1.0
PRR	PR	mass	1.0
PRP	PRR	mass	2.06e-06
PRR	PRP	mass	2.06e-06
P	PS	mass	0.032848739
PS	P	mass	0.032848739
PP	PS	mass	0.019214898
PS	PP	mass	0.019214898
PPP	PS	mass	0.360909794
PS	PPP	mass	0.360909794
PPR	PS	mass	1.0
PS	PPR	mass	1.0
PPS	PS	mass	0.552641527
PS	PPS	mass	0.552641527
PR	PS	mass	0.061998415
PS	PR	mass	0.061998415
PRP	PS	mass	0.209491764
PS	PRP	mass	0.209491764
PRR	PS	mass	0.461435109
PS	PRR	mass	0.461435109
P	PSP	mass	1.0
PSP	P	mass	1.0
PP	PSP	mass	1.0
PSP	PP	mass	1.0
PPP	PSP	mass	1.0
PSP	PPP	mass	1.0
PPR	PSP	mass	0.006609349
PSP	PPR	mass	0.006609349
PPS	PSP	mass	2.59e-05
PSP	PPS	mass	2.59e-05
PR	PSP	mass	2.46e-07
PSP	PR	mass	2.46e-07
PRP	PSP	mass	1.0
PSP	PRP	mass	1.0
PRR	PSP	mass	2.71e-05
PSP	PRR	mass	2.71e-05
PS	PSP	mass	1.0
PSP	PS	mass	1.0
P	PSS	mass	1.71e-06
PSS	P	mass	1.71e-06
PP	PSS	mass	1.76e-06
PSS	PP	mass	1.76e-06
PPP	PSS	mass	0.000131989
PSS	PPP	mass	0.000131989
PPR	PSS	mass	1.0
PSS	PPR	mass	1.0
PPS	PSS	mass	1.0
PSS	PPS	mass	1.0
PR	PSS	mass	1.0
PSS	PR	mass	1.0
PRP	PSS	mass	5.46e-05
PSS	PRP	mass	5.46e-05
PRR	PSS	mass	1.0
PSS	PRR	mass	1.0
PS	PSS	mass	1.0
PSS	PS	mass	1.0
PSP	PSS	mass	0.000584942
PSS	PSP	mass	0.000584942
P	R	mass	2.24e-29
R	P	mass	2.24e-29
PP	R	mass	3e-25
R	PP	mass	3e-25
PPP	R	mass	2.68e-19
R	PPP	mass	2.68e-19
PPR	R	mass	0.175615022
R	PPR	mass	0.175615022
PPS	R	mass	0.127669254
R	PPS	mass	0.127669254
PR	R	mass	0.129901407
R	PR	mass	0.129901407
PRP	R	mass	1.12e-20
R	PRP	mass	1.12e-20
PRR	R	mass	0.312951345
R	PRR	mass	0.312951345
PS	R	mass	3.55e-10
R	PS	mass	3.55e-10
PSP	R	mass	4.56e-19
R	PSP	mass	4.56e-19
PSS	R	mass	0.03724794
R	PSS	mass	0.03724794
P	RP	mass	1.0
RP	P	mass	1.0
PP	RP	mass	1.0
RP	PP	mass	1.0
PPP	RP	mass	1.0
RP	PPP	mass	1.0
PPR	RP	mass	3.81e-05
RP	PPR	mass	3.81e-05
PPS	RP	mass	7.52e-08
RP	PPS	mass	7.52e-08
PR	RP	mass	7.07e-10
RP	PR	mass	7.07e-10
PRP	RP	mass	1.0
RP	PRP	mass	1.0
PRR	RP	mass	8.17e-08
RP	PRR	mass	8.17e-08
PS	RP	mass	0.009070962
RP	PS	mass	0.009070962
PSP	RP	mass	1.0
RP	PSP	mass	1.0
PSS	RP	mass	2.07e-06
RP	PSS	mass	2.07e-06
R	RP	mass	1.7e-20
RP	R	mass	1.7e-20
P	RPP	mass	1.0
RPP	P	mass	1.0
PP	RPP	mass	1.0
RPP	PP	mass	1.0
PPP	RPP	mass	1.0
RPP	PPP	mass	1.0
PPR	RPP	mass	0.000150099
RPP	PPR	mass	0.000150099
PPS	RPP	mass	6.45e-08
RPP	PPS	mass	6.45e-08
PR	RPP	mass	8.63e-11
RPP	PR	mass	8.63e-11
PRP	RPP	mass	1.0
RPP	PRP	mass	1.0
PRR	RPP	mass	8.65e-08
RPP	PRR	mass	8.65e-08
PS	RPP	mass	0.041339098
RPP	PS	mass	0.041339098
PSP	RPP	mass	1.0
RPP	PSP	mass	1.0
PSS	RPP	mass	3.93e-06
RPP	PSS	mass	3.93e-06
R	RPP	mass	2.06e-25
RPP	R	mass	2.06e-25
RP	RPP	mass	1.0
RPP	RP	mass	1.0
P	RPR	mass	0.000312395
RPR	P	mass	0.000312395
PP	RPR	mass	0.000217151
RPR	PP	mass	0.000217151
PPP	RPR	mass	0.006998822
RPR	PPP	mass	0.006998822
PPR	RPR	mass	1.0
RPR	PPR	mass	1.0
PPS	RPR	mass	1.0
RPR	PPS	mass	1.0
PR	RPR	mass	1.0
RPR	PR	mass	1.0
PRP	RPR	mass	0.003529656
RPR	PRP	mass	0.003529656
PRR	RPR	mass	1.0
RPR	PRR	mass	1.0
PS	RPR	mass	1.0
RPR	PS	mass	1.0
PSP	RPR	mass	0.028033411
RPR	PSP	mass	0.028033411
PSS	RPR	mass	1.0
RPR	PSS	mass	1.0
R	RPR	mass	0.000462983
RPR	R	mass	0.000462983
RP	RPR	mass	0.000139978
RPR	RP	mass	0.000139978
RPP	RPR	mass	0.000475554
RPR	RPP	mass	0.000475554
P	RR	mass	2.09e-21
RR	P	mass	2.09e-21
PP	RR	mass	1.69e-19
RR	PP	mass	1.69e-19
PPP	RR	mass	2.9e-15
RR	PPP	mass	2.9e-15
PPR	RR	mass	0.550316191
RR	PPR	mass	0.550316191
PPS	RR	mass	0.57776882
RR	PPS	mass	0.57776882
PR	RR	mass	0.730416369
RR	PR	mass	0.730416369
PRP	RR	mass	3.16e-16
RR	PRP	mass	3.16e-16
PRR	RR	mass	1.0
RR	PRR	mass	1.0
PS	RR	mass	1.64e-07
RR	PS	mass	1.64e-07
PSP	RR	mass	9.82e-15
RR	PSP	mass	9.82e-15
PSS	RR	mass	0.19534114
RR	PSS	mass	0.19534114
R	RR	mass	1.0
RR	R	mass	1.0
RP	RR	mass	6.11e-17
RR	RP	mass	6.11e-17
RPP	RR	mass	2.42e-19
RR	RPP	mass	2.42e-19
RPR	RR	mass	0.00558597
RR	RPR	mass	0.00558597
P	RRP	mass	1.0
RRP	P	mass	1.0
PP	RRP	mass	1.0
RRP	PP	mass	1.0
PPP	RRP	mass	1.0
RRP	PPP	mass	1.0
PPR	RRP	mass	3.47e-05
RRP	PPR	mass	3.47e-05
PPS	RRP	mass	7.43e-09
RRP	PPS	mass	7.43e-09
PR	RRP	mass	5.67e-12
RRP	PR	mass	5.67e-12
PRP	RRP	mass	1.0
RRP	PRP	mass	1.0
PRR	RRP	mass	1.08e-08
RRP	PRR	mass	1.08e-08
PS	RRP	mass	0.009577046
RRP	PS	mass	0.009577046
PSP	RRP	mass	1.0
RRP	PSP	mass	1.0
PSS	RRP	mass	6.05e-07
RRP	PSS	mass	6.05e-07
R	RRP	mass	2.99e-27
RRP	R	mass	2.99e-27
RP	RRP	mass	1.0
RRP	RP	mass	1.0
RPP	RRP	mass	1.0
RRP	RPP	mass	1.0
RPR	RRP	mass	9.59e-05
RRP	RPR	mass	9.59e-05
RR	RRP	mass	8.92e-21
RRP	RR	mass	8.92e-21
P	RRR	mass	3.05e-18
RRR	P	mass	3.05e-18
PP	RRR	mass	6.49e-17
RRR	PP	mass	6.49e-17
PPP	RRR	mass	2.98e-13
RRR	PPP	mass	2.98e-13
PPR	RRR	mass	1.0
RRR	PPR	mass	1.0
PPS	RRR	mass	1.0
RRR	PPS	mass	1.0
PR	RRR	mass	1.0
RRR	PR	mass	1.0
PRP	RRR	mass	4.5e-14
RRR	PRP	mass	4.5e-14
PRR	RRR	mass	1.0
RRR	PRR	mass	1.0
PS	RRR	mass	4.17e-06
RRR	PS	mass	4.17e-06
PSP	RRR	mass	1.19e-12
RRR	PSP	mass	1.19e-12
PSS	RRR	mass	0.710963245
RRR	PSS	mass	0.710963245
R	RRR	mass	1.0
RRR	R	mass	1.0
RP	RRR	mass	4.83e-15
RRR	RP	mass	4.83e-15
RPP	RRR	mass	1.11e-16
RRR	RPP	mass	1.11e-16
RPR	RRR	mass	0.031628465
RRR	RPR	mass	0.031628465
RR	RRR	mass	1.0
RRR	RR	mass	1.0
RRP	RRR	mass	5.65e-18
RRR	RRP	mass	5.65e-18
P	RRS	mass	9.33e-13
RRS	P	mass	9.33e-13
PP	RRS	mass	5.87e-12
RRS	PP	mass	5.87e-12
PPP	RRS	mass	5.69e-09
RRS	PPP	mass	5.69e-09
PPR	RRS	mass	1.0
RRS	PPR	mass	1.0
PPS	RRS	mass	1.0
RRS	PPS	mass	1.0
PR	RRS	mass	1.0
RRS	PR	mass	1.0
PRP	RRS	mass	1.28e-09
RRS	PRP	mass	1.28e-09
PRR	RRS	mass	1.0
RRS	PRR	mass	1.0
PS	RRS	mass	0.007539789
RRS	PS	mass	0.007539789
PSP	RRS	mass	2.6e-08
RRS	PSP	mass	2.6e-08
PSS	RRS	mass	1.0
RRS	PSS	mass	1.0
R	RRS	mass	1.0
RRS	R	mass	1.0
RP	RRS	mass	7.51e-11
RRS	RP	mass	7.51e-11
RPP	RRS	mass	1.16e-11
RRS	RPP	mass	1.16e-11
RPR	RRS	mass	1.0
RRS	RPR	mass	1.0
RR	RRS	mass	1.0
RRS	RR	mass	1.0
RRP	RRS	mass	8.5e-13
RRS	RRP	mass	8.5e-13
RRR	RRS	mass	1.0
RRS	RRR	mass	1.0
P	RS	mass	1.13e-09
RS	P	mass	1.13e-09
PP	RS	mass	2.74e-09
RS	PP	mass	2.74e-09
PPP	RS	mass	7.84e-07
RS	PPP	mass	7.84e-07
PPR	RS	mass	1.0
RS	PPR	mass	1.0
PPS	RS	mass	1.0
RS	PPS	mass	1.0
PR	RS	mass	1.0
RS	PR	mass	1.0
PRP	RS	mass	2.37e-07
RS	PRP	mass	2.37e-07
PRR	RS	mass	1.0
RS	PRR	mass	1.0
PS	RS	mass	0.163934378
RS	PS	mass	0.163934378
PSP	RS	mass	3.68e-06
RS	PSP	mass	3.68e-06
PSS	RS	mass	1.0
RS	PSS	mass	1.0
R	RS	mass	0.462347449
RS	R	mass	0.462347449
RP	RS	mass	1.03e-08
RS	RP	mass	1.03e-08
RPP	RS	mass	5.91e-09
RS	RPP	mass	5.91e-09
RPR	RS	mass	1.0
RS	RPR	mass	1.0
RR	RS	mass	1.0
RS	RR	mass	1.0
RRP	RS	mass	6.05e-10
RS	RRP	mass	6.05e-10
RRR	RS	mass	1.0
RS	RRR	mass	1.0
RRS	RS	mass	1.0
RS	RRS	mass	1.0
P	RSR	mass	1.25e-17
RSR	P	mass	1.25e-17
PP	RSR	mass	9.96e-17
RSR	PP	mass	9.96e-17
PPP	RSR	mass	1.81e-13
RSR	PPP	mass	1.81e-13
PPR	RSR	mass	0.412615482
RSR	PPR	mass	0.412615482
PPS	RSR	mass	0.467284315
RSR	PPS	mass	0.467284315
PR	RSR	mass	0.613318802
RSR	PR	mass	0.613318802
PRP	RSR	mass	3.35e-14
RSR	PRP	mass	3.35e-14
PRR	RSR	mass	0.846986763
RSR	PRR	mass	0.846986763
PS	RSR	mass	1.14e-06
RSR	PS	mass	1.14e-06
PSP	RSR	mass	7.74e-13
RSR	PSP	mass	7.74e-13
PSS	RSR	mass	0.168618259
RSR	PSS	mass	0.168618259
R	RSR	mass	1.0
RSR	R	mass	1.0
RP	RSR	mass	2.62e-15
RSR	RP	mass	2.62e-15
RPP	RSR	mass	1.9e-16
RSR	RPP	mass	1.9e-16
RPR	RSR	mass	0.00681397
RSR	RPR	mass	0.00681397
RR	RSR	mass	1.0
RSR	RR	mass	1.0
RRP	RSR	mass	1.27e-17
RSR	RRP	mass	1.27e-17
RRR	RSR	mass	1.0
RSR	RRR	mass	1.0
RRS	RSR	mass	1.0
RSR	RRS	mass	1.0
RS	RSR	mass	1.0
RSR	RS	mass	1.0
P	RSS	mass	0.000689652
RSS	P	mass	0.000689652
PP	RSS	mass	0.000462927
RSS	PP	mass	0.000462927
PPP	RSS	mass	0.013541461
RSS	PPP	mass	0.013541461
PPR	RSS	mass	1.0
RSS	PPR	mass	1.0
PPS	RSS	mass	1.0
RSS	PPS	mass	1.0
PR	RSS	mass	1.0
RSS	PR	mass	1.0
PRP	RSS	mass	0.006996846
RSS	PRP	mass	0.006996846
PRR	RSS	mass	1.0
RSS	PRR	mass	1.0
PS	RSS	mass	1.0
RSS	PS	mass	1.0
PSP	RSS	mass	0.053344953
RSS	PSP	mass	0.053344953
PSS	RSS	mass	1.0
RSS	PSS	mass	1.0
R	RSS	mass	0.000108189
RSS	R	mass	0.000108189
RP	RSS	mass	0.000280923
RSS	RP	mass	0.000280923
RPP	RSS	mass	0.001010574
RSS	RPP	mass	0.001010574
RPR	RSS	mass	1.0
RSS	RPR	mass	1.0
RR	RSS	mass	0.001804949
RSS	RR	mass	0.001804949
RRP	RSS	mass	0.000209431
RSS	RRP	mass	0.000209431
RRR	RSS	mass	0.011924382
RSS	RRR	mass	0.011924382
RRS	RSS	mass	1.0
RSS	RRS	mass	1.0
RS	RSS	mass	1.0
RSS	RS	mass	1.0
RSR	RSS	mass	0.002540429
RSS	RSR	mass	0.002540429
P	S	mass	1.06e-22
S	P	mass	1.06e-22
PP	S	mass	2.65e-19
S	PP	mass	2.65e-19
PPP	S	mass	3.88e-14
S	PPP	mass	3.88e-14
PPR	S	mass	1.0
S	PPR	mass	1.0
PPS	S	mass	1.0
S	PPS	mass	1.0
PR	S	mass	1.0
S	PR	mass	1.0
PRP	S	mass	2.69e-15
S	PRP	mass	2.69e-15
PRR	S	mass	1.0
S	PRR	mass	1.0
PS	S	mass	7.6e-06
S	PS	mass	7.6e-06
PSP	S	mass	9.94e-14
S	PSP	mass	9.94e-14
PSS	S	mass	1.0
S	PSS	mass	1.0
R	S	mass	1.0
S	R	mass	1.0
RP	S	mass	1.22e-15
S	RP	mass	1.22e-15
RPP	S	mass	2.46e-19
S	RPP	mass	2.46e-19
RPR	S	mass	0.2259558
S	RPR	mass	0.2259558
RR	S	mass	1.0
S	RR	mass	1.0
RRP	S	mass	4.83e-21
S	RRP	mass	4.83e-21
RRR	S	mass	1.0
S	RRR	mass	1.0
RRS	S	mass	1.0
S	RRS	mass	1.0
RS	S	mass	1.0
S	RS	mass	1.0
RSR	S	mass	1.0
S	RSR	mass	1.0
RSS	S	mass	0.082061301
S	RSS	mass	0.082061301
P	SS	mass	3.83e-08
SS	P	mass	3.83e-08
PP	SS	mass	7.8e-08
SS	PP	mass	7.8e-08
PPP	SS	mass	1.58e-05
SS	PPP	mass	1.58e-05
PPR	SS	mass	1.0
SS	PPR	mass	1.0
PPS	SS	mass	1.0
SS	PPS	mass	1.0
PR	SS	mass	1.0
SS	PR	mass	1.0
PRP	SS	mass	5.24e-06
SS	PRP	mass	5.24e-06
PRR	SS	mass	1.0
SS	PRR	mass	1.0
PS	SS	mass	1.0
SS	PS	mass	1.0
PSP	SS	mass	7.38e-05
SS	PSP	mass	7.38e-05
PSS	SS	mass	1.0
SS	PSS	mass	1.0
R	SS	mass	0.013118672
SS	R	mass	0.013118672
RP	SS	mass	2.12e-07
SS	RP	mass	2.12e-07
RPP	SS	mass	1.71e-07
SS	RPP	mass	1.71e-07
RPR	SS	mass	1.0
SS	RPR	mass	1.0
RR	SS	mass	0.105299792
SS	RR	mass	0.105299792
RRP	SS	mass	1.88e-08
SS	RRP	mass	1.88e-08
RRR	SS	mass	0.462672809
SS	RRR	mass	0.462672809
RRS	SS	mass	1.0
SS	RRS	mass	1.0
RS	SS	mass	1.0
SS	RS	mass	1.0
RSR	SS	mass	0.10332116
SS	RSR	mass	0.10332116
RSS	SS	mass	1.0
SS	RSS	mass	1.0
S	SS	mass	1.0
SS	S	mass	1.0
P	SSS	mass	0.000257251
SSS	P	mass	0.000257251
PP	SSS	mass	0.000144741
SSS	PP	mass	0.000144741
PPP	SSS	mass	0.00279064
SSS	PPP	mass	0.00279064
PPR	SSS	mass	1.0
SSS	PPR	mass	1.0
PPS	SSS	mass	1.0
SSS	PPS	mass	1.0
PR	SSS	mass	1.0
SSS	PR	mass	1.0
PRP	SSS	mass	0.001549919
SSS	PRP	mass	0.001549919
PRR	SSS	mass	1.0
SSS	PRR	mass	1.0
PS	SSS	mass	1.0
SSS	PS	mass	1.0
PSP	SSS	mass	0.010332634
SSS	PSP	mass	0.010332634
PSS	SSS	mass	1.0
SSS	PSS	mass	1.0
R	SSS	mass	0.299895741
SSS	R	mass	0.299895741
RP	SSS	mass	6.9e-05
SSS	RP	mass	6.9e-05
RPP	SSS	mass	0.000303538
SSS	RPP	mass	0.000303538
RPR	SSS	mass	1.0
SSS	RPR	mass	1.0
RR	SSS	mass	0.819567303
SSS	RR	mass	0.819567303
RRP	SSS	mass	7.68e-05
SSS	RRP	mass	7.68e-05
RRR	SSS	mass	1.0
SSS	RRR	mass	1.0
RRS	SSS	mass	1.0
SSS	RRS	mass	1.0
RS	SSS	mass	1.0
SSS	RS	mass	1.0
RSR	SSS	mass	0.595123778
SSS	RSR	mass	0.595123778
RSS	SSS	mass	1.0
SSS	RSS	mass	1.0
S	SSS	mass	1.0
SSS	S	mass	1.0
SS	SSS	mass	1.0
SSS	SS	mass	1.0
P	PP	ovarno	1.0
PP	P	ovarno	1.0
P	PPP	ovarno	1.0
PPP	P	ovarno	1.0
PP	PPP	ovarno	1.0
PPP	PP	ovarno	1.0
P	PPR	ovarno	7.5e-15
PPR	P	ovarno	7.5e-15
PP	PPR	ovarno	2.11e-10
PPR	PP	ovarno	2.11e-10
PPP	PPR	ovarno	3.03e-08
PPR	PPP	ovarno	3.03e-08
P	PPS	ovarno	0.000134905
PPS	P	ovarno	0.000134905
PP	PPS	ovarno	0.027738316
PPS	PP	ovarno	0.027738316
PPP	PPS	ovarno	0.151782597
PPS	PPP	ovarno	0.151782597
PPR	PPS	ovarno	0.208176315
PPS	PPR	ovarno	0.208176315
P	PR	ovarno	8.69e-15
PR	P	ovarno	8.69e-15
PP	PR	ovarno	4.36e-09
PR	PP	ovarno	4.36e-09
PPP	PR	ovarno	1.7e-06
PR	PPP	ovarno	1.7e-06
PPR	PR	ovarno	1.0
PR	PPR	ovarno	1.0
PPS	PR	ovarno	1.0
PR	PPS	ovarno	1.0
P	PRP	ovarno	1.0
PRP	P	ovarno	1.0
PP	PRP	ovarno	1.0
PRP	PP	ovarno	1.0
PPP	PRP	ovarno	1.0
PRP	PPP	ovarno	1.0
PPR	PRP	ovarno	6.9e-07
PRP	PPR	ovarno	6.9e-07
PPS	PRP	ovarno	0.729359831
PRP	PPS	ovarno	0.729359831
PR	PRP	ovarno	4.57e-05
PRP	PR	ovarno	4.57e-05
P	PRR	ovarno	2.89e-15
PRR	P	ovarno	2.89e-15
PP	PRR	ovarno	5.6e-10
PRR	PP	ovarno	5.6e-10
PPP	PRR	ovarno	1.81e-07
PRR	PPP	ovarno	1.81e-07
PPR	PRR	ovarno	1.0
PRR	PPR	ovarno	1.0
PPS	PRR	ovarno	1.0
PRR	PPS	ovarno	1.0
PR	PRR	ovarno	1.0
PRR	PR	ovarno	1.0
PRP	PRR	ovarno	4.98e-06
PRR	PRP	ovarno	4.98e-06
P	PS	ovarno	0.001818163
PS	P	ovarno	0.001818163
PP	PS	ovarno	0.370187197
PS	PP	ovarno	0.370187197
PPP	PS	ovarno	1.0
PS	PPP	ovarno	1.0
PPR	PS	ovarno	0.00056451
PS	PPR	ovarno	0.00056451
PPS	PS	ovarno	1.0
PS	PPS	ovarno	1.0
PR	PS	ovarno	0.041269886
PS	PR	ovarno	0.041269886
PRP	PS	ovarno	1.0
PS	PRP	ovarno	1.0
PRR	PS	ovarno	0.004676477
PS	PRR	ovarno	0.004676477
P	PSP	ovarno	0.191300659
PSP	P	ovarno	0.191300659
PP	PSP	ovarno	1.0
PSP	PP	ovarno	1.0
PPP	PSP	ovarno	1.0
PSP	PPP	ovarno	1.0
PPR	PSP	ovarno	0.00014178
PSP	PPR	ovarno	0.00014178
PPS	PSP	ovarno	1.0
PSP	PPS	ovarno	1.0
PR	PSP	ovarno	0.010014593
PSP	PR	ovarno	0.010014593
PRP	PSP	ovarno	1.0
PSP	PRP	ovarno	1.0
PRR	PSP	ovarno	0.00117118
PSP	PRR	ovarno	0.00117118
PS	PSP	ovarno	1.0
PSP	PS	ovarno	1.0
P	PSS	ovarno	1.88e-07
PSS	P	ovarno	1.88e-07
PP	PSS	ovarno	0.000332222
PSS	PP	ovarno	0.000332222
PPP	PSS	ovarno	0.005360701
PSS	PPP	ovarno	0.005360701
PPR	PSS	ovarno	1.0
PSS	PPR	ovarno	1.0
PPS	PSS	ovarno	1.0
PSS	PPS	ovarno	1.0
PR	PSS	ovarno	1.0
PSS	PR	ovarno	1.0
PRP	PSS	ovarno	0.043738465
PSS	PRP	ovarno	0.043738465
PRR	PSS	ovarno	1.0
PSS	PRR	ovarno	1.0
PS	PSS	ovarno	1.0
PSS	PS	ovarno	1.0
PSP	PSS	ovarno	1.0
PSS	PSP	ovarno	1.0
P	R	ovarno	5.78e-20
R	P	ovarno	5.78e-20
PP	R	ovarno	6.83e-12
R	PP	ovarno	6.83e-12
PPP	R	ovarno	4.38e-08
R	PPP	ovarno	4.38e-08
PPR	R	ovarno	1.0
R	PPR	ovarno	1.0
PPS	R	ovarno	1.0
R	PPS	ovarno	1.0
PR	R	ovarno	1.0
R	PR	ovarno	1.0
PRP	R	ovarno	2.49e-06
R	PRP	ovarno	2.49e-06
PRR	R	ovarno	1.0
R	PRR	ovarno	1.0
PS	R	ovarno	0.00354569
R	PS	ovarno	0.00354569
PSP	R	ovarno	0.001043237
R	PSP	ovarno	0.001043237
PSS	R	ovarno	1.0
R	PSS	ovarno	1.0
P	RP	ovarno	1.0
RP	P	ovarno	1.0
PP	RP	ovarno	1.0
RP	PP	ovarno	1.0
PPP	RP	ovarno	1.0
RP	PPP	ovarno	1.0
PPR	RP	ovarno	1.06e-05
RP	PPR	ovarno	1.06e-05
PPS	RP	ovarno	1.0
RP	PPS	ovarno	1.0
PR	RP	ovarno	0.000676652
RP	PR	ovarno	0.000676652
PRP	RP	ovarno	1.0
RP	PRP	ovarno	1.0
PRR	RP	ovarno	8.79e-05
RP	PRR	ovarno	8.79e-05
PS	RP	ovarno	1.0
RP	PS	ovarno	1.0
PSP	RP	ovarno	1.0
RP	PSP	ovarno	1.0
PSS	RP	ovarno	0.123421462
RP	PSS	ovarno	0.123421462
R	RP	ovarno	0.000113429
RP	R	ovarno	0.000113429
P	RPP	ovarno	0.497450064
RPP	P	ovarno	0.497450064
PP	RPP	ovarno	1.0
RPP	PP	ovarno	1.0
PPP	RPP	ovarno	1.0
RPP	PPP	ovarno	1.0
PPR	RPP	ovarno	3.76e-08
RPP	PPR	ovarno	3.76e-08
PPS	RPP	ovarno	1.0
RPP	PPS	ovarno	1.0
PR	RPP	ovarno	9.19e-07
RPP	PR	ovarno	9.19e-07
PRP	RPP	ovarno	1.0
RPP	PRP	ovarno	1.0
PRR	RPP	ovarno	1.14e-07
RPP	PRR	ovarno	1.14e-07
PS	RPP	ovarno	1.0
RPP	PS	ovarno	1.0
PSP	RPP	ovarno	1.0
RPP	PSP	ovarno	1.0
PSS	RPP	ovarno	0.030348811
RPP	PSS	ovarno	0.030348811
R	RPP	ovarno	9.94e-10
RPP	R	ovarno	9.94e-10
RP	RPP	ovarno	1.0
RPP	RP	ovarno	1.0
P	RPR	ovarno	5.7e-20
RPR	P	ovarno	5.7e-20
PP	RPR	ovarno	5.2e-13
RPR	PP	ovarno	5.2e-13
PPP	RPR	ovarno	1.69e-09
RPR	PPP	ovarno	1.69e-09
PPR	RPR	ovarno	1.0
RPR	PPR	ovarno	1.0
PPS	RPR	ovarno	0.296854181
RPR	PPS	ovarno	0.296854181
PR	RPR	ovarno	1.0
RPR	PR	ovarno	1.0
PRP	RPR	ovarno	9.37e-08
RPR	PRP	ovarno	9.37e-08
PRR	RPR	ovarno	1.0
RPR	PRR	ovarno	1.0
PS	RPR	ovarno	0.000129727
RPR	PS	ovarno	0.000129727
PSP	RPR	ovarno	4.06e-05
RPR	PSP	ovarno	4.06e-05
PSS	RPR	ovarno	1.0
RPR	PSS	ovarno	1.0
R	RPR	ovarno	1.0
RPR	R	ovarno	1.0
RP	RPR	ovarno	5.4e-06
RPR	RP	ovarno	5.4e-06
RPP	RPR	ovarno	9.41e-11
RPR	RPP	ovarno	9.41e-11
P	RR	ovarno	6.23e-18
RR	P	ovarno	6.23e-18
PP	RR	ovarno	2.94e-11
RR	PP	ovarno	2.94e-11
PPP	RR	ovarno	4.75e-08
RR	PPP	ovarno	4.75e-08
PPR	RR	ovarno	1.0
RR	PPR	ovarno	1.0
PPS	RR	ovarno	1.0
RR	PPS	ovarno	1.0
PR	RR	ovarno	1.0
RR	PR	ovarno	1.0
PRP	RR	ovarno	2.02e-06
RR	PRP	ovarno	2.02e-06
PRR	RR	ovarno	1.0
RR	PRR	ovarno	1.0
PS	RR	ovarno	0.002522282
RR	PS	ovarno	0.002522282
PSP	RR	ovarno	0.000687976
RR	PSP	ovarno	0.000687976
PSS	RR	ovarno	1.0
RR	PSS	ovarno	1.0
R	RR	ovarno	1.0
RR	R	ovarno	1.0
RP	RR	ovarno	6.54e-05
RR	RP	ovarno	6.54e-05
RPP	RR	ovarno	5.8e-09
RR	RPP	ovarno	5.8e-09
RPR	RR	ovarno	1.0
RR	RPR	ovarno	1.0
P	RRP	ovarno	0.001232819
RRP	P	ovarno	0.001232819
PP	RRP	ovarno	0.319850088
RRP	PP	ovarno	0.319850088
PPP	RRP	ovarno	1.0
RRP	PPP	ovarno	1.0
PPR	RRP	ovarno	0.000374937
RRP	PPR	ovarno	0.000374937
PPS	RRP	ovarno	1.0
RRP	PPS	ovarno	1.0
PR	RRP	ovarno	0.027508618
RRP	PR	ovarno	0.027508618
PRP	RRP	ovarno	1.0
RRP	PRP	ovarno	1.0
PRR	RRP	ovarno	0.003019791
RRP	PRR	ovarno	0.003019791
PS	RRP	ovarno	1.0
RRP	PS	ovarno	1.0
PSP	RRP	ovarno	1.0
RRP	PSP	ovarno	1.0
PSS	RRP	ovarno	1.0
RRP	PSS	ovarno	1.0
R	RRP	ovarno	0.001827551
RRP	R	ovarno	0.001827551
RP	RRP	ovarno	1.0
RRP	RP	ovarno	1.0
RPP	RRP	ovarno	1.0
RRP	RPP	ovarno	1.0
RPR	RRP	ovarno	6.57e-05
RRP	RPR	ovarno	6.57e-05
RR	RRP	ovarno	0.001431396
RRP	RR	ovarno	0.001431396
P	RRR	ovarno	1.49e-17
RRR	P	ovarno	1.49e-17
PP	RRR	ovarno	2.46e-11
RRR	PP	ovarno	2.46e-11
PPP	RRR	ovarno	2.64e-08
RRR	PPP	ovarno	2.64e-08
PPR	RRR	ovarno	1.0
RRR	PPR	ovarno	1.0
PPS	RRR	ovarno	0.949716813
RRR	PPS	ovarno	0.949716813
PR	RRR	ovarno	1.0
RRR	PR	ovarno	1.0
PRP	RRR	ovarno	1.04e-06
RRR	PRP	ovarno	1.04e-06
PRR	RRR	ovarno	1.0
RRR	PRR	ovarno	1.0
PS	RRR	ovarno	0.00124681
RRR	PS	ovarno	0.00124681
PSP	RRR	ovarno	0.000338244
RRR	PSP	ovarno	0.000338244
PSS	RRR	ovarno	1.0
RRR	PSS	ovarno	1.0
R	RRR	ovarno	1.0
RRR	R	ovarno	1.0
RP	RRR	ovarno	3.21e-05
RRR	RP	ovarno	3.21e-05
RPP	RRR	ovarno	5.04e-09
RRR	RPP	ovarno	5.04e-09
RPR	RRR	ovarno	1.0
RRR	RPR	ovarno	1.0
RR	RRR	ovarno	1.0
RRR	RR	ovarno	1.0
RRP	RRR	ovarno	0.000719475
RRR	RRP	ovarno	0.000719475
P	RRS	ovarno	2.36e-08
RRS	P	ovarno	2.36e-08
PP	RRS	ovarno	0.000181197
RRS	PP	ovarno	0.000181197
PPP	RRS	ovarno	0.005063008
RRS	PPP	ovarno	0.005063008
PPR	RRS	ovarno	0.201396332
RRS	PPR	ovarno	0.201396332
PPS	RRS	ovarno	1.0
RRS	PPS	ovarno	1.0
PR	RRS	ovarno	1.0
RRS	PR	ovarno	1.0
PRP	RRS	ovarno	0.049298879
RRS	PRP	ovarno	0.049298879
PRR	RRS	ovarno	1.0
RRS	PRR	ovarno	1.0
PS	RRS	ovarno	1.0
RRS	PS	ovarno	1.0
PSP	RRS	ovarno	1.0
RRS	PSP	ovarno	1.0
PSS	RRS	ovarno	1.0
RRS	PSS	ovarno	1.0
R	RRS	ovarno	1.0
RRS	R	ovarno	1.0
RP	RRS	ovarno	0.160122227
RRS	RP	ovarno	0.160122227
RPP	RRS	ovarno	0.022929789
RRS	RPP	ovarno	0.022929789
RPR	RRS	ovarno	0.211608109
RRS	RPR	ovarno	0.211608109
RR	RRS	ovarno	1.0
RRS	RR	ovarno	1.0
RRP	RRS	ovarno	1.0
RRS	RRP	ovarno	1.0
RRR	RRS	ovarno	0.898428795
RRS	RRR	ovarno	0.898428795
P	RS	ovarno	0.000230446
RS	P	ovarno	0.000230446
PP	RS	ovarno	0.078938048
RS	PP	ovarno	0.078938048
PPP	RS	ovarno	0.4544278
RS	PPP	ovarno	0.4544278
PPR	RS	ovarno	0.00617966
RS	PPR	ovarno	0.00617966
PPS	RS	ovarno	1.0
RS	PPS	ovarno	1.0
PR	RS	ovarno	0.407616904
RS	PR	ovarno	0.407616904
PRP	RS	ovarno	1.0
RS	PRP	ovarno	1.0
PRR	RS	ovarno	0.053823408
RS	PRR	ovarno	0.053823408
PS	RS	ovarno	1.0
RS	PS	ovarno	1.0
PSP	RS	ovarno	1.0
RS	PSP	ovarno	1.0
PSS	RS	ovarno	1.0
RS	PSS	ovarno	1.0
R	RS	ovarno	0.075060039
RS	R	ovarno	0.075060039
RP	RS	ovarno	1.0
RS	RP	ovarno	1.0
RPP	RS	ovarno	1.0
RS	RPP	ovarno	1.0
RPR	RS	ovarno	0.003182716
RS	RPR	ovarno	0.003182716
RR	RS	ovarno	0.042458123
RS	RR	ovarno	0.042458123
RRP	RS	ovarno	1.0
RS	RRP	ovarno	1.0
RRR	RS	ovarno	0.02045776
RS	RRR	ovarno	0.02045776
RRS	RS	ovarno	1.0
RS	RRS	ovarno	1.0
P	RSR	ovarno	1.43e-18
RSR	P	ovarno	1.43e-18
PP	RSR	ovarno	4.14e-13
RSR	PP	ovarno	4.14e-13
PPP	RSR	ovarno	2.79e-10
RSR	PPP	ovarno	2.79e-10
PPR	RSR	ovarno	1.0
RSR	PPR	ovarno	1.0
PPS	RSR	ovarno	0.024671393
RSR	PPS	ovarno	0.024671393
PR	RSR	ovarno	1.0
RSR	PR	ovarno	1.0
PRP	RSR	ovarno	1.1e-08
RSR	PRP	ovarno	1.1e-08
PRR	RSR	ovarno	1.0
RSR	PRR	ovarno	1.0
PS	RSR	ovarno	1.32e-05
RSR	PS	ovarno	1.32e-05
PSP	RSR	ovarno	3.8e-06
RSR	PSP	ovarno	3.8e-06
PSS	RSR	ovarno	0.152968076
RSR	PSS	ovarno	0.152968076
R	RSR	ovarno	1.0
RSR	R	ovarno	1.0
RP	RSR	ovarno	4.45e-07
RSR	RP	ovarno	4.45e-07
RPP	RSR	ovarno	8.44e-11
RSR	RPP	ovarno	8.44e-11
RPR	RSR	ovarno	1.0
RSR	RPR	ovarno	1.0
RR	RSR	ovarno	1.0
RSR	RR	ovarno	1.0
RRP	RSR	ovarno	7.37e-06
RSR	RRP	ovarno	7.37e-06
RRR	RSR	ovarno	1.0
RSR	RRR	ovarno	1.0
RRS	RSR	ovarno	0.01566296
RSR	RRS	ovarno	0.01566296
RS	RSR	ovarno	0.000257725
RSR	RS	ovarno	0.000257725
P	RSS	ovarno	2.48e-08
RSS	P	ovarno	2.48e-08
PP	RSS	ovarno	0.000176313
RSS	PP	ovarno	0.000176313
PPP	RSS	ovarno	0.0048213
RSS	PPP	ovarno	0.0048213
PPR	RSS	ovarno	0.234892618
RSS	PPR	ovarno	0.234892618
PPS	RSS	ovarno	1.0
RSS	PPS	ovarno	1.0
PR	RSS	ovarno	1.0
RSS	PR	ovarno	1.0
PRP	RSS	ovarno	0.046744788
RSS	PRP	ovarno	0.046744788
PRR	RSS	ovarno	1.0
RSS	PRR	ovarno	1.0
PS	RSS	ovarno	1.0
RSS	PS	ovarno	1.0
PSP	RSS	ovarno	1.0
RSS	PSP	ovarno	1.0
PSS	RSS	ovarno	1.0
RSS	PSS	ovarno	1.0
R	RSS	ovarno	1.0
RSS	R	ovarno	1.0
RP	RSS	ovarno	0.151857231
RSS	RP	ovarno	0.151857231
RPP	RSS	ovarno	0.022017234
RSS	RPP	ovarno	0.022017234
RPR	RSS	ovarno	0.25961811
RSS	RPR	ovarno	0.25961811
RR	RSS	ovarno	1.0
RSS	RR	ovarno	1.0
RRP	RSS	ovarno	1.0
RSS	RRP	ovarno	1.0
RRR	RSS	ovarno	1.0
RSS	RRR	ovarno	1.0
RRS	RSS	ovarno	1.0
RSS	RRS	ovarno	1.0
RS	RSS	ovarno	1.0
RSS	RS	ovarno	1.0
RSR	RSS	ovarno	0.019289987
RSS	RSR	ovarno	0.019289987
P	S	ovarno	2.21e-11
S	P	ovarno	2.21e-11
PP	S	ovarno	6.46e-06
S	PP	ovarno	6.46e-06
PPP	S	ovarno	0.000840154
S	PPP	ovarno	0.000840154
PPR	S	ovarno	0.071469497
S	PPR	ovarno	0.071469497
PPS	S	ovarno	1.0
S	PPS	ovarno	1.0
PR	S	ovarno	1.0
S	PR	ovarno	1.0
PRP	S	ovarno	0.013288208
S	PRP	ovarno	0.013288208
PRR	S	ovarno	0.646004381
S	PRR	ovarno	0.646004381
PS	S	ovarno	1.0
S	PS	ovarno	1.0
PSP	S	ovarno	1.0
S	PSP	ovarno	1.0
PSS	S	ovarno	1.0
S	PSS	ovarno	1.0
R	S	ovarno	0.960035042
S	R	ovarno	0.960035042
RP	S	ovarno	0.072738292
S	RP	ovarno	0.072738292
RPP	S	ovarno	0.001335378
S	RPP	ovarno	0.001335378
RPR	S	ovarno	0.03596228
S	RPR	ovarno	0.03596228
RR	S	ovarno	0.534666741
S	RR	ovarno	0.534666741
RRP	S	ovarno	1.0
S	RRP	ovarno	1.0
RRR	S	ovarno	0.252755173
S	RRR	ovarno	0.252755173
RRS	S	ovarno	1.0
S	RRS	ovarno	1.0
RS	S	ovarno	1.0
S	RS	ovarno	1.0
RSR	S	ovarno	0.002919292
S	RSR	ovarno	0.002919292
RSS	S	ovarno	1.0
S	RSS	ovarno	1.0
P	SS	ovarno	2.59e-11
SS	P	ovarno	2.59e-11
PP	SS	ovarno	1.65e-06
SS	PP	ovarno	1.65e-06
PPP	SS	ovarno	0.000157575
SS	PPP	ovarno	0.000157575
PPR	SS	ovarno	1.0
SS	PPR	ovarno	1.0
PPS	SS	ovarno	1.0
SS	PPS	ovarno	1.0
PR	SS	ovarno	1.0
SS	PR	ovarno	1.0
PRP	SS	ovarno	0.00249773
SS	PRP	ovarno	0.00249773
PRR	SS	ovarno	1.0
SS	PRR	ovarno	1.0
PS	SS	ovarno	1.0
SS	PS	ovarno	1.0
PSP	SS	ovarno	0.290118351
SS	PSP	ovarno	0.290118351
PSS	SS	ovarno	1.0
SS	PSS	ovarno	1.0
R	SS	ovarno	1.0
SS	R	ovarno	1.0
RP	SS	ovarno	0.0156959
SS	RP	ovarno	0.0156959
RPP	SS	ovarno	0.000303282
SS	RPP	ovarno	0.000303282
RPR	SS	ovarno	1.0
SS	RPR	ovarno	1.0
RR	SS	ovarno	1.0
SS	RR	ovarno	1.0
RRP	SS	ovarno	0.945624398
SS	RRP	ovarno	0.945624398
RRR	SS	ovarno	1.0
SS	RRR	ovarno	1.0
RRS	SS	ovarno	1.0
SS	RRS	ovarno	1.0
RS	SS	ovarno	1.0
SS	RS	ovarno	1.0
RSR	SS	ovarno	0.186252465
SS	RSR	ovarno	0.186252465
RSS	SS	ovarno	1.0
SS	RSS	ovarno	1.0
S	SS	ovarno	1.0
SS	S	ovarno	1.0
P	SSS	ovarno	6.16e-10
SSS	P	ovarno	6.16e-10
PP	SSS	ovarno	3.14e-06
SSS	PP	ovarno	3.14e-06
PPP	SSS	ovarno	0.000110427
SSS	PPP	ovarno	0.000110427
PPR	SSS	ovarno	1.0
SSS	PPR	ovarno	1.0
PPS	SSS	ovarno	1.0
SSS	PPS	ovarno	1.0
PR	SSS	ovarno	1.0
SSS	PR	ovarno	1.0
PRP	SSS	ovarno	0.001321034
SSS	PRP	ovarno	0.001321034
PRR	SSS	ovarno	1.0
SSS	PRR	ovarno	1.0
PS	SSS	ovarno	0.46615259
SSS	PS	ovarno	0.46615259
PSP	SSS	ovarno	0.117202189
SSS	PSP	ovarno	0.117202189
PSS	SSS	ovarno	1.0
SSS	PSS	ovarno	1.0
R	SSS	ovarno	1.0
SSS	R	ovarno	1.0
RP	SSS	ovarno	0.006495101
SSS	RP	ovarno	0.006495101
RPP	SSS	ovarno	0.000401473
SSS	RPP	ovarno	0.000401473
RPR	SSS	ovarno	1.0
SSS	RPR	ovarno	1.0
RR	SSS	ovarno	1.0
SSS	RR	ovarno	1.0
RRP	SSS	ovarno	0.375436227
SSS	RRP	ovarno	0.375436227
RRR	SSS	ovarno	1.0
SSS	RRR	ovarno	1.0
RRS	SSS	ovarno	1.0
SSS	RRS	ovarno	1.0
RS	SSS	ovarno	1.0
SSS	RS	ovarno	1.0
RSR	SSS	ovarno	1.0
SSS	RSR	ovarno	1.0
RSS	SSS	ovarno	1.0
SSS	RSS	ovarno	1.0
S	SSS	ovarno	1.0
SSS	S	ovarno	1.0
SS	SSS	ovarno	1.0
SSS	SS	ovarno	1.0
P	PP	winglength	1.0
PP	P	winglength	1.0
P	PPP	winglength	1.0
PPP	P	winglength	1.0
P	PPR	winglength	3.13e-23
PPR	P	winglength	3.13e-23
P	PPS	winglength	1.87e-20
PPS	P	winglength	1.87e-20
P	PR	winglength	4.33e-33
PR	P	winglength	4.33e-33
P	PRP	winglength	1.0
PRP	P	winglength	1.0
P	PRR	winglength	1.98e-32
PRR	P	winglength	1.98e-32
P	PS	winglength	3.56e-24
PS	P	winglength	3.56e-24
P	PSP	winglength	0.004062074
PSP	P	winglength	0.004062074
P	PSS	winglength	7.36e-19
PSS	P	winglength	7.36e-19
P	R	winglength	1.92e-34
R	P	winglength	1.92e-34
P	RP	winglength	1.0
RP	P	winglength	1.0
P	RPP	winglength	0.003803611
RPP	P	winglength	0.003803611
P	RPR	winglength	6.62e-33
RPR	P	winglength	6.62e-33
P	RR	winglength	6.81e-27
RR	P	winglength	6.81e-27
P	RRP	winglength	4.19e-05
RRP	P	winglength	4.19e-05
P	RRR	winglength	1.6e-37
RRR	P	winglength	1.6e-37
P	RRS	winglength	6.19e-20
RRS	P	winglength	6.19e-20
P	RS	winglength	7.53e-13
RS	P	winglength	7.53e-13
P	RSR	winglength	9.11e-29
RSR	P	winglength	9.11e-29
P	RSS	winglength	7.46e-21
RSS	P	winglength	7.46e-21
P	S	winglength	7.42e-23
S	P	winglength	7.42e-23
P	SS	winglength	1.34e-11
SS	P	winglength	1.34e-11
P	SSS	winglength	2.07e-13
SSS	P	winglength	2.07e-13
PP	PPP	winglength	1.0
PPP	PP	winglength	1.0
PP	PPR	winglength	7.33e-13
PPR	PP	winglength	7.33e-13
PP	PPS	winglength	2.35e-09
PPS	PP	winglength	2.35e-09
PP	PR	winglength	4.92e-16
PR	PP	winglength	4.92e-16
PP	PRP	winglength	1.0
PRP	PP	winglength	1.0
PP	PRR	winglength	6.8e-18
PRR	PP	winglength	6.8e-18
PP	PS	winglength	2.12e-10
PS	PP	winglength	2.12e-10
PP	PSP	winglength	1.0
PSP	PP	winglength	1.0
PP	PSS	winglength	1.74e-08
PSS	PP	winglength	1.74e-08
PP	R	winglength	6.09e-16
R	PP	winglength	6.09e-16
PP	RP	winglength	1.0
RP	PP	winglength	1.0
PP	RPP	winglength	1.0
RPP	PP	winglength	1.0
PP	RPR	winglength	5.6e-18
RPR	PP	winglength	5.6e-18
PP	RR	winglength	5.21e-13
RR	PP	winglength	5.21e-13
PP	RRP	winglength	1.0
RRP	PP	winglength	1.0
PP	RRR	winglength	1.17e-20
RRR	PP	winglength	1.17e-20
PP	RRS	winglength	1.44e-08
RRS	PP	winglength	1.44e-08
PP	RS	winglength	0.00011031
RS	PP	winglength	0.00011031
PP	RSR	winglength	8.07e-17
RSR	PP	winglength	8.07e-17
PP	RSS	winglength	1.31e-09
RSS	PP	winglength	1.31e-09
PP	S	winglength	4.57e-08
S	PP	winglength	4.57e-08
PP	SS	winglength	0.001152965
SS	PP	winglength	0.001152965
PP	SSS	winglength	2.19e-06
SSS	PP	winglength	2.19e-06
PPP	PPR	winglength	2.67e-13
PPR	PPP	winglength	2.67e-13
PPP	PPS	winglength	8.3e-10
PPS	PPP	winglength	8.3e-10
PPP	PR	winglength	5.16e-16
PR	PPP	winglength	5.16e-16
PPP	PRP	winglength	1.0
PRP	PPP	winglength	1.0
PPP	PRR	winglength	5.23e-18
PRR	PPP	winglength	5.23e-18
PPP	PS	winglength	1.02e-10
PS	PPP	winglength	1.02e-10
PPP	PSP	winglength	1.0
PSP	PPP	winglength	1.0
PPP	PSS	winglength	5.61e-09
PSS	PPP	winglength	5.61e-09
PPP	R	winglength	7.92e-16
R	PPP	winglength	7.92e-16
PPP	RP	winglength	1.0
RP	PPP	winglength	1.0
PPP	RPP	winglength	1.0
RPP	PPP	winglength	1.0
PPP	RPR	winglength	4.62e-18
RPR	PPP	winglength	4.62e-18
PPP	RR	winglength	2.91e-13
RR	PPP	winglength	2.91e-13
PPP	RRP	winglength	1.0
RRP	PPP	winglength	1.0
PPP	RRR	winglength	1.56e-20
RRR	PPP	winglength	1.56e-20
PPP	RRS	winglength	5.03e-09
RRS	PPP	winglength	5.03e-09
PPP	RS	winglength	2.92e-05
RS	PPP	winglength	2.92e-05
PPP	RSR	winglength	3.97e-17
RSR	PPP	winglength	3.97e-17
PPP	RSS	winglength	4.74e-10
RSS	PPP	winglength	4.74e-10
PPP	S	winglength	2.07e-08
S	PPP	winglength	2.07e-08
PPP	SS	winglength	0.00029961
SS	PPP	winglength	0.00029961
PPP	SSS	winglength	5.81e-07
SSS	PPP	winglength	5.81e-07
PPR	PPS	winglength	1.0
PPS	PPR	winglength	1.0
PPR	PR	winglength	1.0
PR	PPR	winglength	1.0
PPR	PRP	winglength	6.98e-13
PRP	PPR	winglength	6.98e-13
PPR	PRR	winglength	1.0
PRR	PPR	winglength	1.0
PPR	PS	winglength	1.0
PS	PPR	winglength	1.0
PPR	PSP	winglength	6.74e-09
PSP	PPR	winglength	6.74e-09
PPR	PSS	winglength	1.0
PSS	PPR	winglength	1.0
PPR	R	winglength	1.0
R	PPR	winglength	1.0
PPR	RP	winglength	2.85e-15
RP	PPR	winglength	2.85e-15
PPR	RPP	winglength	8.32e-10
RPP	PPR	winglength	8.32e-10
PPR	RPR	winglength	1.0
RPR	PPR	winglength	1.0
PPR	RR	winglength	1.0
RR	PPR	winglength	1.0
PPR	RRP	winglength	6.94e-08
RRP	PPR	winglength	6.94e-08
PPR	RRR	winglength	1.0
RRR	PPR	winglength	1.0
PPR	RRS	winglength	1.0
RRS	PPR	winglength	1.0
PPR	RS	winglength	0.119720423
RS	PPR	winglength	0.119720423
PPR	RSR	winglength	1.0
RSR	PPR	winglength	1.0
PPR	RSS	winglength	1.0
RSS	PPR	winglength	1.0
PPR	S	winglength	0.049935934
S	PPR	winglength	0.049935934
PPR	SS	winglength	0.009900101
SS	PPR	winglength	0.009900101
PPR	SSS	winglength	1.0
SSS	PPR	winglength	1.0
PPS	PR	winglength	1.0
PR	PPS	winglength	1.0
PPS	PRP	winglength	2.18e-09
PRP	PPS	winglength	2.18e-09
PPS	PRR	winglength	1.0
PRR	PPS	winglength	1.0
PPS	PS	winglength	1.0
PS	PPS	winglength	1.0
PPS	PSP	winglength	1.58e-05
PSP	PPS	winglength	1.58e-05
PPS	PSS	winglength	1.0
PSS	PPS	winglength	1.0
PPS	R	winglength	1.0
R	PPS	winglength	1.0
PPS	RP	winglength	8.63e-12
RP	PPS	winglength	8.63e-12
PPS	RPP	winglength	2.34e-06
RPP	PPS	winglength	2.34e-06
PPS	RPR	winglength	1.0
RPR	PPS	winglength	1.0
PPS	RR	winglength	1.0
RR	PPS	winglength	1.0
PPS	RRP	winglength	0.00014962
RRP	PPS	winglength	0.00014962
PPS	RRR	winglength	0.55640715
RRR	PPS	winglength	0.55640715
PPS	RRS	winglength	1.0
RRS	PPS	winglength	1.0
PPS	RS	winglength	1.0
RS	PPS	winglength	1.0
PPS	RSR	winglength	0.569455789
RSR	PPS	winglength	0.569455789
PPS	RSS	winglength	1.0
RSS	PPS	winglength	1.0
PPS	S	winglength	1.0
S	PPS	winglength	1.0
PPS	SS	winglength	1.0
SS	PPS	winglength	1.0
PPS	SSS	winglength	1.0
SSS	PPS	winglength	1.0
PR	PRP	winglength	1.21e-15
PRP	PR	winglength	1.21e-15
PR	PRR	winglength	1.0
PRR	PR	winglength	1.0
PR	PS	winglength	1.0
PS	PR	winglength	1.0
PR	PSP	winglength	1.62e-10
PSP	PR	winglength	1.62e-10
PR	PSS	winglength	1.0
PSS	PR	winglength	1.0
PR	R	winglength	1.0
R	PR	winglength	1.0
PR	RP	winglength	1.03e-17
RP	PR	winglength	1.03e-17
PR	RPP	winglength	5.17e-12
RPP	PR	winglength	5.17e-12
PR	RPR	winglength	1.0
RPR	PR	winglength	1.0
PR	RR	winglength	1.0
RR	PR	winglength	1.0
PR	RRP	winglength	2.28e-09
RRP	PR	winglength	2.28e-09
PR	RRR	winglength	1.0
RRR	PR	winglength	1.0
PR	RRS	winglength	1.0
RRS	PR	winglength	1.0
PR	RS	winglength	0.325980376
RS	PR	winglength	0.325980376
PR	RSR	winglength	1.0
RSR	PR	winglength	1.0
PR	RSS	winglength	1.0
RSS	PR	winglength	1.0
PR	S	winglength	0.079371744
S	PR	winglength	0.079371744
PR	SS	winglength	0.016566849
SS	PR	winglength	0.016566849
PR	SSS	winglength	1.0
SSS	PR	winglength	1.0
PRP	PRR	winglength	1.27e-17
PRR	PRP	winglength	1.27e-17
PRP	PS	winglength	2.64e-10
PS	PRP	winglength	2.64e-10
PRP	PSP	winglength	1.0
PSP	PRP	winglength	1.0
PRP	PSS	winglength	1.47e-08
PSS	PRP	winglength	1.47e-08
PRP	R	winglength	1.79e-15
R	PRP	winglength	1.79e-15
PRP	RP	winglength	1.0
RP	PRP	winglength	1.0
PRP	RPP	winglength	1.0
RPP	PRP	winglength	1.0
PRP	RPR	winglength	1.11e-17
RPR	PRP	winglength	1.11e-17
PRP	RR	winglength	7.42e-13
RR	PRP	winglength	7.42e-13
PRP	RRP	winglength	1.0
RRP	PRP	winglength	1.0
PRP	RRR	winglength	3.48e-20
RRR	PRP	winglength	3.48e-20
PRP	RRS	winglength	1.32e-08
RRS	PRP	winglength	1.32e-08
PRP	RS	winglength	7.26e-05
RS	PRP	winglength	7.26e-05
PRP	RSR	winglength	1.02e-16
RSR	PRP	winglength	1.02e-16
PRP	RSS	winglength	1.24e-09
RSS	PRP	winglength	1.24e-09
PRP	S	winglength	5.41e-08
S	PRP	winglength	5.41e-08
PRP	SS	winglength	0.000731243
SS	PRP	winglength	0.000731243
PRP	SSS	winglength	1.41e-06
SSS	PRP	winglength	1.41e-06
PRR	PS	winglength	0.380397073
PS	PRR	winglength	0.380397073
PRR	PSP	winglength	1.06e-12
PSP	PRR	winglength	1.06e-12
PRR	PSS	winglength	1.0
PSS	PRR	winglength	1.0
PRR	R	winglength	1.0
R	PRR	winglength	1.0
PRR	RP	winglength	8.64e-20
RP	PRR	winglength	8.64e-20
PRR	RPP	winglength	4.37e-14
RPP	PRR	winglength	4.37e-14
PRR	RPR	winglength	1.0
RPR	PRR	winglength	1.0
PRR	RR	winglength	1.0
RR	PRR	winglength	1.0
PRR	RRP	winglength	1.45e-11
RRP	PRR	winglength	1.45e-11
PRR	RRR	winglength	1.0
RRR	PRR	winglength	1.0
PRR	RRS	winglength	0.291805957
RRS	PRR	winglength	0.291805957
PRR	RS	winglength	0.004762066
RS	PRR	winglength	0.004762066
PRR	RSR	winglength	1.0
RSR	PRR	winglength	1.0
PRR	RSS	winglength	1.0
RSS	PRR	winglength	1.0
PRR	S	winglength	0.000593512
S	PRR	winglength	0.000593512
PRR	SS	winglength	0.00014711
SS	PRR	winglength	0.00014711
PRR	SSS	winglength	1.0
SSS	PRR	winglength	1.0
PS	PSP	winglength	5.36e-06
PSP	PS	winglength	5.36e-06
PS	PSS	winglength	1.0
PSS	PS	winglength	1.0
PS	R	winglength	1.0
R	PS	winglength	1.0
PS	RP	winglength	1.18e-12
RP	PS	winglength	1.18e-12
PS	RPP	winglength	5.11e-07
RPP	PS	winglength	5.11e-07
PS	RPR	winglength	0.474505433
RPR	PS	winglength	0.474505433
PS	RR	winglength	1.0
RR	PS	winglength	1.0
PS	RRP	winglength	5.97e-05
RRP	PS	winglength	5.97e-05
PS	RRR	winglength	0.087671427
RRR	PS	winglength	0.087671427
PS	RRS	winglength	1.0
RRS	PS	winglength	1.0
PS	RS	winglength	1.0
RS	PS	winglength	1.0
PS	RSR	winglength	0.129058116
RSR	PS	winglength	0.129058116
PS	RSS	winglength	1.0
RSS	PS	winglength	1.0
PS	S	winglength	1.0
S	PS	winglength	1.0
PS	SS	winglength	1.0
SS	PS	winglength	1.0
PS	SSS	winglength	1.0
SSS	PS	winglength	1.0
PSP	PSS	winglength	6.93e-05
PSS	PSP	winglength	6.93e-05
PSP	R	winglength	3.33e-10
R	PSP	winglength	3.33e-10
PSP	RP	winglength	0.368425877
RP	PSP	winglength	0.368425877
PSP	RPP	winglength	1.0
RPP	PSP	winglength	1.0
PSP	RPR	winglength	1.06e-12
RPR	PSP	winglength	1.06e-12
PSP	RR	winglength	2.57e-08
RR	PSP	winglength	2.57e-08
PSP	RRP	winglength	1.0
RRP	PSP	winglength	1.0
PSP	RRR	winglength	8.04e-15
RRR	PSP	winglength	8.04e-15
PSP	RRS	winglength	8.84e-05
RRS	PSP	winglength	8.84e-05
PSP	RS	winglength	0.058609658
RS	PSP	winglength	0.058609658
PSP	RSR	winglength	2.96e-12
RSR	PSP	winglength	2.96e-12
PSP	RSS	winglength	1e-05
RSS	PSP	winglength	1e-05
PSP	S	winglength	0.000763291
S	PSP	winglength	0.000763291
PSP	SS	winglength	0.381643527
SS	PSP	winglength	0.381643527
PSP	SSS	winglength	0.001091634
SSS	PSP	winglength	0.001091634
PSS	R	winglength	1.0
R	PSS	winglength	1.0
PSS	RP	winglength	5.77e-11
RP	PSS	winglength	5.77e-11
PSS	RPP	winglength	1.22e-05
RPP	PSS	winglength	1.22e-05
PSS	RPR	winglength	1.0
RPR	PSS	winglength	1.0
PSS	RR	winglength	1.0
RR	PSS	winglength	1.0
PSS	RRP	winglength	0.000601206
RRP	PSS	winglength	0.000601206
PSS	RRR	winglength	0.320851712
RRR	PSS	winglength	0.320851712
PSS	RRS	winglength	1.0
RRS	PSS	winglength	1.0
PSS	RS	winglength	1.0
RS	PSS	winglength	1.0
PSS	RSR	winglength	0.346833341
RSR	PSS	winglength	0.346833341
PSS	RSS	winglength	1.0
RSS	PSS	winglength	1.0
PSS	S	winglength	1.0
S	PSS	winglength	1.0
PSS	SS	winglength	1.0
SS	PSS	winglength	1.0
PSS	SSS	winglength	1.0
SSS	PSS	winglength	1.0
R	RP	winglength	1.81e-17
RP	R	winglength	1.81e-17
R	RPP	winglength	8.72e-12
RPP	R	winglength	8.72e-12
R	RPR	winglength	1.0
RPR	R	winglength	1.0
R	RR	winglength	1.0
RR	R	winglength	1.0
R	RRP	winglength	4.8e-09
RRP	R	winglength	4.8e-09
R	RRR	winglength	1.0
RRR	R	winglength	1.0
R	RRS	winglength	1.0
RRS	R	winglength	1.0
R	RS	winglength	0.783095847
RS	R	winglength	0.783095847
R	RSR	winglength	1.0
RSR	R	winglength	1.0
R	RSS	winglength	1.0
RSS	R	winglength	1.0
R	S	winglength	0.216815091
S	R	winglength	0.216815091
R	SS	winglength	0.043890707
SS	R	winglength	0.043890707
R	SSS	winglength	1.0
SSS	R	winglength	1.0
RP	RPP	winglength	0.44770684
RPP	RP	winglength	0.44770684
RP	RPR	winglength	8.01e-20
RPR	RP	winglength	8.01e-20
RP	RR	winglength	3.76e-15
RR	RP	winglength	3.76e-15
RP	RRP	winglength	0.038192701
RRP	RP	winglength	0.038192701
RP	RRR	winglength	3.95e-22
RRR	RP	winglength	3.95e-22
RP	RRS	winglength	5.19e-11
RRS	RP	winglength	5.19e-11
RP	RS	winglength	3.43e-07
RS	RP	winglength	3.43e-07
RP	RSR	winglength	4.91e-19
RSR	RP	winglength	4.91e-19
RP	RSS	winglength	4.95e-12
RSS	RP	winglength	4.95e-12
RP	S	winglength	2.28e-10
S	RP	winglength	2.28e-10
RP	SS	winglength	3.72e-06
SS	RP	winglength	3.72e-06
RP	SSS	winglength	7.41e-09
SSS	RP	winglength	7.41e-09
RPP	RPR	winglength	4.05e-14
RPR	RPP	winglength	4.05e-14
RPP	RR	winglength	1.8e-09
RR	RPP	winglength	1.8e-09
RPP	RRP	winglength	1.0
RRP	RPP	winglength	1.0
RPP	RRR	winglength	1.72e-16
RRR	RPP	winglength	1.72e-16
RPP	RRS	winglength	1.38e-05
RRS	RPP	winglength	1.38e-05
RPP	RS	winglength	0.01966449
RS	RPP	winglength	0.01966449
RPP	RSR	winglength	2.14e-13
RSR	RPP	winglength	2.14e-13
RPP	RSS	winglength	1.41e-06
RSS	RPP	winglength	1.41e-06
RPP	S	winglength	9.21e-05
S	RPP	winglength	9.21e-05
RPP	SS	winglength	0.148603515
SS	RPP	winglength	0.148603515
RPP	SSS	winglength	0.000348548
SSS	RPP	winglength	0.000348548
RPR	RR	winglength	1.0
RR	RPR	winglength	1.0
RPR	RRP	winglength	1.47e-11
RRP	RPR	winglength	1.47e-11
RPR	RRR	winglength	1.0
RRR	RPR	winglength	1.0
RPR	RRS	winglength	0.363165914
RRS	RPR	winglength	0.363165914
RPR	RS	winglength	0.005950701
RS	RPR	winglength	0.005950701
RPR	RSR	winglength	1.0
RSR	RPR	winglength	1.0
RPR	RSS	winglength	1.0
RSS	RPR	winglength	1.0
RPR	S	winglength	0.000724747
S	RPR	winglength	0.000724747
RPR	SS	winglength	0.000181233
SS	RPR	winglength	0.000181233
RPR	SSS	winglength	1.0
SSS	RPR	winglength	1.0
RR	RRP	winglength	3.14e-07
RRP	RR	winglength	3.14e-07
RR	RRR	winglength	1.0
RRR	RR	winglength	1.0
RR	RRS	winglength	1.0
RRS	RR	winglength	1.0
RR	RS	winglength	1.0
RS	RR	winglength	1.0
RR	RSR	winglength	1.0
RSR	RR	winglength	1.0
RR	RSS	winglength	1.0
RSS	RR	winglength	1.0
RR	S	winglength	0.73401466
S	RR	winglength	0.73401466
RR	SS	winglength	0.139857319
SS	RR	winglength	0.139857319
RR	SSS	winglength	1.0
SSS	RR	winglength	1.0
RRP	RRR	winglength	1.17e-13
RRR	RRP	winglength	1.17e-13
RRP	RRS	winglength	0.000811625
RRS	RRP	winglength	0.000811625
RRP	RS	winglength	0.329941943
RS	RRP	winglength	0.329941943
RRP	RSR	winglength	3.61e-11
RSR	RRP	winglength	3.61e-11
RRP	RSS	winglength	9.63e-05
RSS	RRP	winglength	9.63e-05
RRP	S	winglength	0.007707699
S	RRP	winglength	0.007707699
RRP	SS	winglength	1.0
SS	RRP	winglength	1.0
RRP	SSS	winglength	0.006534444
SSS	RRP	winglength	0.006534444
RRR	RRS	winglength	0.070734289
RRS	RRR	winglength	0.070734289
RRR	RS	winglength	0.000697718
RS	RRR	winglength	0.000697718
RRR	RSR	winglength	1.0
RSR	RRR	winglength	1.0
RRR	RSS	winglength	0.71350743
RSS	RRR	winglength	0.71350743
RRR	S	winglength	3.65e-05
S	RRR	winglength	3.65e-05
RRR	SS	winglength	1.23e-05
SS	RRR	winglength	1.23e-05
RRR	SSS	winglength	1.0
SSS	RRR	winglength	1.0
RRS	RS	winglength	1.0
RS	RRS	winglength	1.0
RRS	RSR	winglength	0.099311862
RSR	RRS	winglength	0.099311862
RRS	RSS	winglength	1.0
RSS	RRS	winglength	1.0
RRS	S	winglength	1.0
S	RRS	winglength	1.0
RRS	SS	winglength	1.0
SS	RRS	winglength	1.0
RRS	SSS	winglength	1.0
SSS	RRS	winglength	1.0
RS	RSR	winglength	0.001814176
RSR	RS	winglength	0.001814176
RS	RSS	winglength	1.0
RSS	RS	winglength	1.0
RS	S	winglength	1.0
S	RS	winglength	1.0
RS	SS	winglength	1.0
SS	RS	winglength	1.0
RS	SSS	winglength	1.0
SSS	RS	winglength	1.0
RSR	RSS	winglength	0.709130906
RSS	RSR	winglength	0.709130906
RSR	S	winglength	0.000309485
S	RSR	winglength	0.000309485
RSR	SS	winglength	7e-05
SS	RSR	winglength	7e-05
RSR	SSS	winglength	1.0
SSS	RSR	winglength	1.0
RSS	S	winglength	1.0
S	RSS	winglength	1.0
RSS	SS	winglength	1.0
SS	RSS	winglength	1.0
RSS	SSS	winglength	1.0
SSS	RSS	winglength	1.0
S	SS	winglength	1.0
SS	S	winglength	1.0
S	SSS	winglength	1.0
SSS	S	winglength	1.0
SS	SSS	winglength	1.0
SSS	SS	winglength	1.0
P	PP	devL1A	1.0
PP	P	devL1A	1.0
P	PPP	devL1A	1.0
PPP	P	devL1A	1.0
P	PPR	devL1A	5.14e-25
PPR	P	devL1A	5.14e-25
P	PPS	devL1A	3.88e-07
PPS	P	devL1A	3.88e-07
P	PR	devL1A	3.16e-30
PR	P	devL1A	3.16e-30
P	PRP	devL1A	1.0
PRP	P	devL1A	1.0
P	PRR	devL1A	3.43e-33
PRR	P	devL1A	3.43e-33
P	PS	devL1A	4.78e-14
PS	P	devL1A	4.78e-14
P	PSP	devL1A	1.0
PSP	P	devL1A	1.0
P	PSS	devL1A	0.000183372
PSS	P	devL1A	0.000183372
P	R	devL1A	6.45e-55
R	P	devL1A	6.45e-55
P	RP	devL1A	1.0
RP	P	devL1A	1.0
P	RPP	devL1A	4.06e-08
RPP	P	devL1A	4.06e-08
P	RPR	devL1A	7.11e-45
RPR	P	devL1A	7.11e-45
P	RR	devL1A	9.31e-38
RR	P	devL1A	9.31e-38
P	RRP	devL1A	3.1e-10
RRP	P	devL1A	3.1e-10
P	RRR	devL1A	1.06e-38
RRR	P	devL1A	1.06e-38
P	RRS	devL1A	1.31e-10
RRS	P	devL1A	1.31e-10
P	RS	devL1A	1.37e-05
RS	P	devL1A	1.37e-05
P	RSR	devL1A	1.27e-30
RSR	P	devL1A	1.27e-30
P	RSS	devL1A	2.12e-07
RSS	P	devL1A	2.12e-07
P	S	devL1A	7.31e-21
S	P	devL1A	7.31e-21
P	SS	devL1A	3.16e-05
SS	P	devL1A	3.16e-05
P	SSS	devL1A	0.000104379
SSS	P	devL1A	0.000104379
PP	PPP	devL1A	1.0
PPP	PP	devL1A	1.0
PP	PPR	devL1A	6.73e-26
PPR	PP	devL1A	6.73e-26
PP	PPS	devL1A	1.58e-08
PPS	PP	devL1A	1.58e-08
PP	PR	devL1A	1.96e-29
PR	PP	devL1A	1.96e-29
PP	PRP	devL1A	1.0
PRP	PP	devL1A	1.0
PP	PRR	devL1A	5.84e-33
PRR	PP	devL1A	5.84e-33
PP	PS	devL1A	5.81e-15
PS	PP	devL1A	5.81e-15
PP	PSP	devL1A	1.0
PSP	PP	devL1A	1.0
PP	PSS	devL1A	7.54e-06
PSS	PP	devL1A	7.54e-06
PP	R	devL1A	4.52e-50
R	PP	devL1A	4.52e-50
PP	RP	devL1A	1.0
RP	PP	devL1A	1.0
PP	RPP	devL1A	2.02e-09
RPP	PP	devL1A	2.02e-09
PP	RPR	devL1A	1.5e-43
RPR	PP	devL1A	1.5e-43
PP	RR	devL1A	1.07e-36
RR	PP	devL1A	1.07e-36
PP	RRP	devL1A	2.03e-11
RRP	PP	devL1A	2.03e-11
PP	RRR	devL1A	8.06e-38
RRR	PP	devL1A	8.06e-38
PP	RRS	devL1A	7.17e-12
RRS	PP	devL1A	7.17e-12
PP	RS	devL1A	5.39e-07
RS	PP	devL1A	5.39e-07
PP	RSR	devL1A	5.84e-31
RSR	PP	devL1A	5.84e-31
PP	RSS	devL1A	8.63e-09
RSS	PP	devL1A	8.63e-09
PP	S	devL1A	1.4e-20
S	PP	devL1A	1.4e-20
PP	SS	devL1A	1.23e-06
SS	PP	devL1A	1.23e-06
PP	SSS	devL1A	5.02e-06
SSS	PP	devL1A	5.02e-06
PPP	PPR	devL1A	1.44e-22
PPR	PPP	devL1A	1.44e-22
PPP	PPS	devL1A	9.68e-07
PPS	PPP	devL1A	9.68e-07
PPP	PR	devL1A	3.84e-24
PR	PPP	devL1A	3.84e-24
PPP	PRP	devL1A	1.0
PRP	PPP	devL1A	1.0
PPP	PRR	devL1A	4.44e-28
PRR	PPP	devL1A	4.44e-28
PPP	PS	devL1A	6.48e-12
PS	PPP	devL1A	6.48e-12
PPP	PSP	devL1A	1.0
PSP	PPP	devL1A	1.0
PPP	PSS	devL1A	0.000159047
PSS	PPP	devL1A	0.000159047
PPP	R	devL1A	3.5e-41
R	PPP	devL1A	3.5e-41
PPP	RP	devL1A	1.0
RP	PPP	devL1A	1.0
PPP	RPP	devL1A	3e-07
RPP	PPP	devL1A	3e-07
PPP	RPR	devL1A	2.24e-37
RPR	PPP	devL1A	2.24e-37
PPP	RR	devL1A	6.16e-31
RR	PPP	devL1A	6.16e-31
PPP	RRP	devL1A	6.46e-09
RRP	PPP	devL1A	6.46e-09
PPP	RRR	devL1A	3.44e-32
RRR	PPP	devL1A	3.44e-32
PPP	RRS	devL1A	1.55e-09
RRS	PPP	devL1A	1.55e-09
PPP	RS	devL1A	1.96e-05
RS	PPP	devL1A	1.96e-05
PPP	RSR	devL1A	9.18e-27
RSR	PPP	devL1A	9.18e-27
PPP	RSS	devL1A	5.26e-07
RSS	PPP	devL1A	5.26e-07
PPP	S	devL1A	4.36e-16
S	PPP	devL1A	4.36e-16
PPP	SS	devL1A	4.76e-05
SS	PPP	devL1A	4.76e-05
PPP	SSS	devL1A	6.39e-05
SSS	PPP	devL1A	6.39e-05
PPR	PPS	devL1A	2.64e-05
PPS	PPR	devL1A	2.64e-05
PPR	PR	devL1A	1.0
PR	PPR	devL1A	1.0
PPR	PRP	devL1A	2.83e-18
PRP	PPR	devL1A	2.83e-18
PPR	PRR	devL1A	1.0
PRR	PPR	devL1A	1.0
PPR	PS	devL1A	0.001434378
PS	PPR	devL1A	0.001434378
PPR	PSP	devL1A	9.9e-18
PSP	PPR	devL1A	9.9e-18
PPR	PSS	devL1A	1.38e-06
PSS	PPR	devL1A	1.38e-06
PPR	R	devL1A	1.0
R	PPR	devL1A	1.0
PPR	RP	devL1A	2.43e-17
RP	PPR	devL1A	2.43e-17
PPR	RPP	devL1A	9.68e-07
RPP	PPR	devL1A	9.68e-07
PPR	RPR	devL1A	1.0
RPR	PPR	devL1A	1.0
PPR	RR	devL1A	1.0
RR	PPR	devL1A	1.0
PPR	RRP	devL1A	1.76e-05
RRP	PPR	devL1A	1.76e-05
PPR	RRR	devL1A	1.0
RRR	PPR	devL1A	1.0
PPR	RRS	devL1A	0.000895235
RRS	PPR	devL1A	0.000895235
PPR	RS	devL1A	2.01e-06
RS	PPR	devL1A	2.01e-06
PPR	RSR	devL1A	1.0
RSR	PPR	devL1A	1.0
PPR	RSS	devL1A	8.75e-05
RSS	PPR	devL1A	8.75e-05
PPR	S	devL1A	0.002919373
S	PPR	devL1A	0.002919373
PPR	SS	devL1A	1.26e-07
SS	PPR	devL1A	1.26e-07
PPR	SSS	devL1A	0.001556362
SSS	PPR	devL1A	0.001556362
PPS	PR	devL1A	0.002200576
PR	PPS	devL1A	0.002200576
PPS	PRP	devL1A	0.000667374
PRP	PPS	devL1A	0.000667374
PPS	PRR	devL1A	1.14e-06
PRR	PPS	devL1A	1.14e-06
PPS	PS	devL1A	1.0
PS	PPS	devL1A	1.0
PPS	PSP	devL1A	0.002051273
PSP	PPS	devL1A	0.002051273
PPS	PSS	devL1A	1.0
PSS	PPS	devL1A	1.0
PPS	R	devL1A	4.7e-11
R	PPS	devL1A	4.7e-11
PPS	RP	devL1A	0.000377269
RP	PPS	devL1A	0.000377269
PPS	RPP	devL1A	1.0
RPP	PPS	devL1A	1.0
PPS	RPR	devL1A	9.07e-12
RPR	PPS	devL1A	9.07e-12
PPS	RR	devL1A	1.86e-07
RR	PPS	devL1A	1.86e-07
PPS	RRP	devL1A	1.0
RRP	PPS	devL1A	1.0
PPS	RRR	devL1A	1.39e-08
RRR	PPS	devL1A	1.39e-08
PPS	RRS	devL1A	1.0
RRS	PPS	devL1A	1.0
PPS	RS	devL1A	1.0
RS	PPS	devL1A	1.0
PPS	RSR	devL1A	7.78e-07
RSR	PPS	devL1A	7.78e-07
PPS	RSS	devL1A	1.0
RSS	PPS	devL1A	1.0
PPS	S	devL1A	1.0
S	PPS	devL1A	1.0
PPS	SS	devL1A	1.0
SS	PPS	devL1A	1.0
PPS	SSS	devL1A	1.0
SSS	PPS	devL1A	1.0
PR	PRP	devL1A	7.41e-19
PRP	PR	devL1A	7.41e-19
PR	PRR	devL1A	1.0
PRR	PR	devL1A	1.0
PR	PS	devL1A	0.131242705
PS	PR	devL1A	0.131242705
PR	PSP	devL1A	2.11e-18
PSP	PR	devL1A	2.11e-18
PR	PSS	devL1A	0.000100249
PSS	PR	devL1A	0.000100249
PR	R	devL1A	0.300517884
R	PR	devL1A	0.300517884
PR	RP	devL1A	8e-17
RP	PR	devL1A	8e-17
PR	RPP	devL1A	4.95e-05
RPP	PR	devL1A	4.95e-05
PR	RPR	devL1A	0.015340395
RPR	PR	devL1A	0.015340395
PR	RR	devL1A	1.0
RR	PR	devL1A	1.0
PR	RRP	devL1A	0.001278853
RRP	PR	devL1A	0.001278853
PR	RRR	devL1A	0.99391339
RRR	PR	devL1A	0.99391339
PR	RRS	devL1A	0.079653886
RRS	PR	devL1A	0.079653886
PR	RS	devL1A	0.000141137
RS	PR	devL1A	0.000141137
PR	RSR	devL1A	1.0
RSR	PR	devL1A	1.0
PR	RSS	devL1A	0.007636323
RSS	PR	devL1A	0.007636323
PR	S	devL1A	0.276777816
S	PR	devL1A	0.276777816
PR	SS	devL1A	5.84e-06
SS	PR	devL1A	5.84e-06
PR	SSS	devL1A	0.108053621
SSS	PR	devL1A	0.108053621
PRP	PRR	devL1A	6.66e-23
PRR	PRP	devL1A	6.66e-23
PRP	PS	devL1A	4.97e-08
PS	PRP	devL1A	4.97e-08
PRP	PSP	devL1A	1.0
PSP	PRP	devL1A	1.0
PRP	PSS	devL1A	0.034281641
PSS	PRP	devL1A	0.034281641
PRP	R	devL1A	1.9e-34
R	PRP	devL1A	1.9e-34
PRP	RP	devL1A	1.0
RP	PRP	devL1A	1.0
PRP	RPP	devL1A	0.000411302
RPP	PRP	devL1A	0.000411302
PRP	RPR	devL1A	1.49e-31
RPR	PRP	devL1A	1.49e-31
PRP	RR	devL1A	2.37e-25
RR	PRP	devL1A	2.37e-25
PRP	RRP	devL1A	1.76e-05
RRP	PRP	devL1A	1.76e-05
PRP	RRR	devL1A	1.22e-26
RRR	PRP	devL1A	1.22e-26
PRP	RRS	devL1A	3.53e-06
RRS	PRP	devL1A	3.53e-06
PRP	RS	devL1A	0.007599765
RS	PRP	devL1A	0.007599765
PRP	RSR	devL1A	6.2e-22
RSR	PRP	devL1A	6.2e-22
PRP	RSS	devL1A	0.000371649
RSS	PRP	devL1A	0.000371649
PRP	S	devL1A	2.4e-11
S	PRP	devL1A	2.4e-11
PRP	SS	devL1A	0.018266908
SS	PRP	devL1A	0.018266908
PRP	SSS	devL1A	0.008918659
SSS	PRP	devL1A	0.008918659
PRR	PS	devL1A	0.000107557
PS	PRR	devL1A	0.000107557
PRR	PSP	devL1A	1.94e-22
PSP	PRR	devL1A	1.94e-22
PRR	PSS	devL1A	3.81e-08
PSS	PRR	devL1A	3.81e-08
PRR	R	devL1A	1.0
R	PRR	devL1A	1.0
PRR	RP	devL1A	7.37e-21
RP	PRR	devL1A	7.37e-21
PRR	RPP	devL1A	9.77e-09
RPP	PRR	devL1A	9.77e-09
PRR	RPR	devL1A	1.0
RPR	PRR	devL1A	1.0
PRR	RR	devL1A	1.0
RR	PRR	devL1A	1.0
PRR	RRP	devL1A	3.91e-07
RRP	PRR	devL1A	3.91e-07
PRR	RRR	devL1A	1.0
RRR	PRR	devL1A	1.0
PRR	RRS	devL1A	7.96e-05
RRS	PRR	devL1A	7.96e-05
PRR	RS	devL1A	4.76e-08
RS	PRR	devL1A	4.76e-08
PRR	RSR	devL1A	1.0
RSR	PRR	devL1A	1.0
PRR	RSS	devL1A	5.44e-06
RSS	PRR	devL1A	5.44e-06
PRR	S	devL1A	0.000171771
S	PRR	devL1A	0.000171771
PRR	SS	devL1A	1.14e-09
SS	PRR	devL1A	1.14e-09
PRR	SSS	devL1A	0.000330147
SSS	PRR	devL1A	0.000330147
PS	PSP	devL1A	1.79e-07
PSP	PS	devL1A	1.79e-07
PS	PSS	devL1A	1.0
PSS	PS	devL1A	1.0
PS	R	devL1A	8.17e-09
R	PS	devL1A	8.17e-09
PS	RP	devL1A	1.06e-07
RP	PS	devL1A	1.06e-07
PS	RPP	devL1A	1.0
RPP	PS	devL1A	1.0
PS	RPR	devL1A	1.41e-09
RPR	PS	devL1A	1.41e-09
PS	RR	devL1A	2.19e-05
RR	PS	devL1A	2.19e-05
PS	RRP	devL1A	1.0
RRP	PS	devL1A	1.0
PS	RRR	devL1A	1.75e-06
RRR	PS	devL1A	1.75e-06
PS	RRS	devL1A	1.0
RRS	PS	devL1A	1.0
PS	RS	devL1A	1.0
RS	PS	devL1A	1.0
PS	RSR	devL1A	6.47e-05
RSR	PS	devL1A	6.47e-05
PS	RSS	devL1A	1.0
RSS	PS	devL1A	1.0
PS	S	devL1A	1.0
S	PS	devL1A	1.0
PS	SS	devL1A	1.0
SS	PS	devL1A	1.0
PS	SSS	devL1A	1.0
SSS	PS	devL1A	1.0
PSP	PSS	devL1A	0.090907872
PSS	PSP	devL1A	0.090907872
PSP	R	devL1A	1.94e-34
R	PSP	devL1A	1.94e-34
PSP	RP	devL1A	1.0
RP	PSP	devL1A	1.0
PSP	RPP	devL1A	0.001345057
RPP	PSP	devL1A	0.001345057
PSP	RPR	devL1A	3.18e-31
RPR	PSP	devL1A	3.18e-31
PSP	RR	devL1A	5.82e-25
RR	PSP	devL1A	5.82e-25
PSP	RRP	devL1A	6.07e-05
RRP	PSP	devL1A	6.07e-05
PSP	RRR	devL1A	3.04e-26
RRR	PSP	devL1A	3.04e-26
PSP	RRS	devL1A	1.2e-05
RRS	PSP	devL1A	1.2e-05
PSP	RS	devL1A	0.021777471
RS	PSP	devL1A	0.021777471
PSP	RSR	devL1A	1.99e-21
RSR	PSP	devL1A	1.99e-21
PSP	RSS	devL1A	0.00114716
RSS	PSP	devL1A	0.00114716
PSP	S	devL1A	8.16e-11
S	PSP	devL1A	8.16e-11
PSP	SS	devL1A	0.052011118
SS	PSP	devL1A	0.052011118
PSP	SSS	devL1A	0.022595677
SSS	PSP	devL1A	0.022595677
PSS	R	devL1A	7.64e-13
R	PSS	devL1A	7.64e-13
PSS	RP	devL1A	0.014120856
RP	PSS	devL1A	0.014120856
PSS	RPP	devL1A	1.0
RPP	PSS	devL1A	1.0
PSS	RPR	devL1A	1.83e-13
RPR	PSS	devL1A	1.83e-13
PSS	RR	devL1A	5.09e-09
RR	PSS	devL1A	5.09e-09
PSS	RRP	devL1A	1.0
RRP	PSS	devL1A	1.0
PSS	RRR	devL1A	3.58e-10
RRR	PSS	devL1A	3.58e-10
PSS	RRS	devL1A	1.0
RRS	PSS	devL1A	1.0
PSS	RS	devL1A	1.0
RS	PSS	devL1A	1.0
PSS	RSR	devL1A	2.91e-08
RSR	PSS	devL1A	2.91e-08
PSS	RSS	devL1A	1.0
RSS	PSS	devL1A	1.0
PSS	S	devL1A	1.0
S	PSS	devL1A	1.0
PSS	SS	devL1A	1.0
SS	PSS	devL1A	1.0
PSS	SSS	devL1A	1.0
SSS	PSS	devL1A	1.0
R	RP	devL1A	3.19e-29
RP	R	devL1A	3.19e-29
R	RPP	devL1A	4.6e-15
RPP	R	devL1A	4.6e-15
R	RPR	devL1A	1.0
RPR	R	devL1A	1.0
R	RR	devL1A	1.0
RR	R	devL1A	1.0
R	RRP	devL1A	1.28e-12
RRP	R	devL1A	1.28e-12
R	RRR	devL1A	1.0
RRR	R	devL1A	1.0
R	RRS	devL1A	1.58e-08
RRS	R	devL1A	1.58e-08
R	RS	devL1A	4.91e-13
RS	R	devL1A	4.91e-13
R	RSR	devL1A	1.0
RSR	R	devL1A	1.0
R	RSS	devL1A	6.02e-10
RSS	R	devL1A	6.02e-10
R	S	devL1A	2.44e-09
S	R	devL1A	2.44e-09
R	SS	devL1A	8.37e-16
SS	R	devL1A	8.37e-16
R	SSS	devL1A	1.49e-06
SSS	R	devL1A	1.49e-06
RP	RPP	devL1A	0.000287949
RPP	RP	devL1A	0.000287949
RP	RPR	devL1A	2.99e-28
RPR	RP	devL1A	2.99e-28
RP	RR	devL1A	1.2e-22
RR	RP	devL1A	1.2e-22
RP	RRP	devL1A	1.79e-05
RRP	RP	devL1A	1.79e-05
RP	RRR	devL1A	6.07e-24
RRR	RP	devL1A	6.07e-24
RP	RRS	devL1A	3.51e-06
RRS	RP	devL1A	3.51e-06
RP	RS	devL1A	0.003542429
RS	RP	devL1A	0.003542429
RP	RSR	devL1A	2.39e-20
RSR	RP	devL1A	2.39e-20
RP	RSS	devL1A	0.000214854
RSS	RP	devL1A	0.000214854
RP	S	devL1A	3.04e-10
S	RP	devL1A	3.04e-10
RP	SS	devL1A	0.008298767
SS	RP	devL1A	0.008298767
RP	SSS	devL1A	0.003585465
SSS	RP	devL1A	0.003585465
RPP	RPR	devL1A	6.69e-15
RPR	RPP	devL1A	6.69e-15
RPP	RR	devL1A	6.71e-10
RR	RPP	devL1A	6.71e-10
RPP	RRP	devL1A	1.0
RRP	RPP	devL1A	1.0
RPP	RRR	devL1A	3.88e-11
RRR	RPP	devL1A	3.88e-11
RPP	RRS	devL1A	1.0
RRS	RPP	devL1A	1.0
RPP	RS	devL1A	1.0
RS	RPP	devL1A	1.0
RPP	RSR	devL1A	1.04e-08
RSR	RPP	devL1A	1.04e-08
RPP	RSS	devL1A	1.0
RSS	RPP	devL1A	1.0
RPP	S	devL1A	1.0
S	RPP	devL1A	1.0
RPP	SS	devL1A	1.0
SS	RPP	devL1A	1.0
RPP	SSS	devL1A	1.0
SSS	RPP	devL1A	1.0
RPR	RR	devL1A	1.0
RR	RPR	devL1A	1.0
RPR	RRP	devL1A	7.72e-13
RRP	RPR	devL1A	7.72e-13
RPR	RRR	devL1A	1.0
RRR	RPR	devL1A	1.0
RPR	RRS	devL1A	1.86e-09
RRS	RPR	devL1A	1.86e-09
RPR	RS	devL1A	1.59e-13
RS	RPR	devL1A	1.59e-13
RPR	RSR	devL1A	1.0
RSR	RPR	devL1A	1.0
RPR	RSS	devL1A	8.21e-11
RSS	RPR	devL1A	8.21e-11
RPR	S	devL1A	9.39e-10
S	RPR	devL1A	9.39e-10
RPR	SS	devL1A	8.83e-16
SS	RPR	devL1A	8.83e-16
RPR	SSS	devL1A	8.38e-08
SSS	RPR	devL1A	8.38e-08
RR	RRP	devL1A	4.1e-08
RRP	RR	devL1A	4.1e-08
RR	RRR	devL1A	1.0
RRR	RR	devL1A	1.0
RR	RRS	devL1A	1.86e-05
RRS	RR	devL1A	1.86e-05
RR	RS	devL1A	5.7e-09
RS	RR	devL1A	5.7e-09
RR	RSR	devL1A	1.0
RSR	RR	devL1A	1.0
RR	RSS	devL1A	1.08e-06
RSS	RR	devL1A	1.08e-06
RR	S	devL1A	2.8e-05
S	RR	devL1A	2.8e-05
RR	SS	devL1A	7.92e-11
SS	RR	devL1A	7.92e-11
RR	SSS	devL1A	0.00013334
SSS	RR	devL1A	0.00013334
RRP	RRR	devL1A	2.61e-09
RRR	RRP	devL1A	2.61e-09
RRP	RRS	devL1A	1.0
RRS	RRP	devL1A	1.0
RRP	RS	devL1A	1.0
RS	RRP	devL1A	1.0
RRP	RSR	devL1A	3.26e-07
RSR	RRP	devL1A	3.26e-07
RRP	RSS	devL1A	1.0
RSS	RRP	devL1A	1.0
RRP	S	devL1A	1.0
S	RRP	devL1A	1.0
RRP	SS	devL1A	1.0
SS	RRP	devL1A	1.0
RRP	SSS	devL1A	1.0
SSS	RRP	devL1A	1.0
RRR	RRS	devL1A	1.62e-06
RRS	RRR	devL1A	1.62e-06
RRR	RS	devL1A	3.84e-10
RS	RRR	devL1A	3.84e-10
RRR	RSR	devL1A	1.0
RSR	RRR	devL1A	1.0
RRR	RSS	devL1A	8.83e-08
RSS	RRR	devL1A	8.83e-08
RRR	S	devL1A	2e-06
S	RRR	devL1A	2e-06
RRR	SS	devL1A	4.64e-12
SS	RRR	devL1A	4.64e-12
RRR	SSS	devL1A	1.72e-05
SSS	RRR	devL1A	1.72e-05
RRS	RS	devL1A	1.0
RS	RRS	devL1A	1.0
RRS	RSR	devL1A	4.57e-05
RSR	RRS	devL1A	4.57e-05
RRS	RSS	devL1A	1.0
RSS	RRS	devL1A	1.0
RRS	S	devL1A	1.0
S	RRS	devL1A	1.0
RRS	SS	devL1A	1.0
SS	RRS	devL1A	1.0
RRS	SSS	devL1A	1.0
SSS	RRS	devL1A	1.0
RS	RSR	devL1A	3.82e-08
RSR	RS	devL1A	3.82e-08
RS	RSS	devL1A	1.0
RSS	RS	devL1A	1.0
RS	S	devL1A	1.0
S	RS	devL1A	1.0
RS	SS	devL1A	1.0
SS	RS	devL1A	1.0
RS	SSS	devL1A	1.0
SSS	RS	devL1A	1.0
RSR	RSS	devL1A	3.38e-06
RSS	RSR	devL1A	3.38e-06
RSR	S	devL1A	0.000111187
S	RSR	devL1A	0.000111187
RSR	SS	devL1A	1.23e-09
SS	RSR	devL1A	1.23e-09
RSR	SSS	devL1A	0.000162121
SSS	RSR	devL1A	0.000162121
RSS	S	devL1A	1.0
S	RSS	devL1A	1.0
RSS	SS	devL1A	1.0
SS	RSS	devL1A	1.0
RSS	SSS	devL1A	1.0
SSS	RSS	devL1A	1.0
S	SS	devL1A	0.315823065
SS	S	devL1A	0.315823065
S	SSS	devL1A	1.0
SSS	S	devL1A	1.0
SS	SSS	devL1A	1.0
SSS	SS	devL1A	1.0
P	PP	devL1LP	1.0
PP	P	devL1LP	1.0
P	PPP	devL1LP	1.0
PPP	P	devL1LP	1.0
P	PPR	devL1LP	4.92e-26
PPR	P	devL1LP	4.92e-26
P	PPS	devL1LP	1.09e-11
PPS	P	devL1LP	1.09e-11
P	PR	devL1LP	7.18e-39
PR	P	devL1LP	7.18e-39
P	PRP	devL1LP	0.997306893
PRP	P	devL1LP	0.997306893
P	PRR	devL1LP	5.21e-35
PRR	P	devL1LP	5.21e-35
P	PS	devL1LP	2.84e-14
PS	P	devL1LP	2.84e-14
P	PSP	devL1LP	0.913325779
PSP	P	devL1LP	0.913325779
P	PSS	devL1LP	4.62e-08
PSS	P	devL1LP	4.62e-08
P	R	devL1LP	3.33e-63
R	P	devL1LP	3.33e-63
P	RP	devL1LP	1.0
RP	P	devL1LP	1.0
P	RPP	devL1LP	5.1e-05
RPP	P	devL1LP	5.1e-05
P	RPR	devL1LP	1.29e-49
RPR	P	devL1LP	1.29e-49
P	RR	devL1LP	1.4e-55
RR	P	devL1LP	1.4e-55
P	RRP	devL1LP	3.24e-13
RRP	P	devL1LP	3.24e-13
P	RRR	devL1LP	6.22e-46
RRR	P	devL1LP	6.22e-46
P	RRS	devL1LP	4.57e-09
RRS	P	devL1LP	4.57e-09
P	RS	devL1LP	7.41e-09
RS	P	devL1LP	7.41e-09
P	RSR	devL1LP	3.07e-36
RSR	P	devL1LP	3.07e-36
P	RSS	devL1LP	3.62e-08
RSS	P	devL1LP	3.62e-08
P	S	devL1LP	1.14e-19
S	P	devL1LP	1.14e-19
P	SS	devL1LP	1.4e-08
SS	P	devL1LP	1.4e-08
P	SSS	devL1LP	2.06e-05
SSS	P	devL1LP	2.06e-05
PP	PPP	devL1LP	1.0
PPP	PP	devL1LP	1.0
PP	PPR	devL1LP	2.47e-25
PPR	PP	devL1LP	2.47e-25
PP	PPS	devL1LP	1.13e-11
PPS	PP	devL1LP	1.13e-11
PP	PR	devL1LP	1.04e-34
PR	PP	devL1LP	1.04e-34
PP	PRP	devL1LP	0.250436064
PRP	PP	devL1LP	0.250436064
PP	PRR	devL1LP	1.18e-32
PRR	PP	devL1LP	1.18e-32
PP	PS	devL1LP	1.06e-13
PS	PP	devL1LP	1.06e-13
PP	PSP	devL1LP	0.226000968
PSP	PP	devL1LP	0.226000968
PP	PSS	devL1LP	2.11e-08
PSS	PP	devL1LP	2.11e-08
PP	R	devL1LP	4.47e-54
R	PP	devL1LP	4.47e-54
PP	RP	devL1LP	1.0
RP	PP	devL1LP	1.0
PP	RPP	devL1LP	1.98e-05
RPP	PP	devL1LP	1.98e-05
PP	RPR	devL1LP	1.62e-45
RPR	PP	devL1LP	1.62e-45
PP	RR	devL1LP	5.91e-50
RR	PP	devL1LP	5.91e-50
PP	RRP	devL1LP	9.5e-13
RRP	PP	devL1LP	9.5e-13
PP	RRR	devL1LP	4.63e-42
RRR	PP	devL1LP	4.63e-42
PP	RRS	devL1LP	3.07e-09
RRS	PP	devL1LP	3.07e-09
PP	RS	devL1LP	4.39e-09
RS	PP	devL1LP	4.39e-09
PP	RSR	devL1LP	2.7e-34
RSR	PP	devL1LP	2.7e-34
PP	RSS	devL1LP	1.79e-08
RSS	PP	devL1LP	1.79e-08
PP	S	devL1LP	1e-17
S	PP	devL1LP	1e-17
PP	SS	devL1LP	9.23e-09
SS	PP	devL1LP	9.23e-09
PP	SSS	devL1LP	5.59e-06
SSS	PP	devL1LP	5.59e-06
PPP	PPR	devL1LP	4.61e-19
PPR	PPP	devL1LP	4.61e-19
PPP	PPS	devL1LP	3.67e-07
PPS	PPP	devL1LP	3.67e-07
PPP	PR	devL1LP	2.07e-24
PR	PPP	devL1LP	2.07e-24
PPP	PRP	devL1LP	1.0
PRP	PPP	devL1LP	1.0
PPP	PRR	devL1LP	4.7e-24
PRR	PPP	devL1LP	4.7e-24
PPP	PS	devL1LP	3.01e-08
PS	PPP	devL1LP	3.01e-08
PPP	PSP	devL1LP	1.0
PSP	PPP	devL1LP	1.0
PPP	PSS	devL1LP	7.82e-05
PSS	PPP	devL1LP	7.82e-05
PPP	R	devL1LP	4.23e-39
R	PPP	devL1LP	4.23e-39
PPP	RP	devL1LP	1.0
RP	PPP	devL1LP	1.0
PPP	RPP	devL1LP	0.027823894
RPP	PPP	devL1LP	0.027823894
PPP	RPR	devL1LP	1.2e-34
RPR	PPP	devL1LP	1.2e-34
PPP	RR	devL1LP	1.33e-37
RR	PPP	devL1LP	1.33e-37
PPP	RRP	devL1LP	1.66e-07
RRP	PPP	devL1LP	1.66e-07
PPP	RRR	devL1LP	1.46e-31
RRR	PPP	devL1LP	1.46e-31
PPP	RRS	devL1LP	3.03e-05
RRS	PPP	devL1LP	3.03e-05
PPP	RS	devL1LP	3.28e-05
RS	PPP	devL1LP	3.28e-05
PPP	RSR	devL1LP	4.59e-26
RSR	PPP	devL1LP	4.59e-26
PPP	RSS	devL1LP	8.05e-05
RSS	PPP	devL1LP	8.05e-05
PPP	S	devL1LP	1.38e-10
S	PPP	devL1LP	1.38e-10
PPP	SS	devL1LP	8.07e-05
SS	PPP	devL1LP	8.07e-05
PPP	SSS	devL1LP	0.001917979
SSS	PPP	devL1LP	0.001917979
PPR	PPS	devL1LP	0.002886867
PPS	PPR	devL1LP	0.002886867
PPR	PR	devL1LP	1.0
PR	PPR	devL1LP	1.0
PPR	PRP	devL1LP	1.9e-13
PRP	PPR	devL1LP	1.9e-13
PPR	PRR	devL1LP	1.0
PRR	PPR	devL1LP	1.0
PPR	PS	devL1LP	0.000682322
PS	PPR	devL1LP	0.000682322
PPR	PSP	devL1LP	3.93e-14
PSP	PPR	devL1LP	3.93e-14
PPR	PSS	devL1LP	0.000201711
PSS	PPR	devL1LP	0.000201711
PPR	R	devL1LP	1.0
R	PPR	devL1LP	1.0
PPR	RP	devL1LP	2.35e-15
RP	PPR	devL1LP	2.35e-15
PPR	RPP	devL1LP	9.79e-10
RPP	PPR	devL1LP	9.79e-10
PPR	RPR	devL1LP	1.0
RPR	PPR	devL1LP	1.0
PPR	RR	devL1LP	1.0
RR	PPR	devL1LP	1.0
PPR	RRP	devL1LP	0.00017393
RRP	PPR	devL1LP	0.00017393
PPR	RRR	devL1LP	1.0
RRR	PPR	devL1LP	1.0
PPR	RRS	devL1LP	5.26e-05
RRS	PPR	devL1LP	5.26e-05
PPR	RS	devL1LP	0.000109428
RS	PPR	devL1LP	0.000109428
PPR	RSR	devL1LP	1.0
RSR	PPR	devL1LP	1.0
PPR	RSS	devL1LP	9.77e-05
RSS	PPR	devL1LP	9.77e-05
PPR	S	devL1LP	0.000448764
S	PPR	devL1LP	0.000448764
PPR	SS	devL1LP	1.04e-05
SS	PPR	devL1LP	1.04e-05
PPR	SSS	devL1LP	0.002268777
SSS	PPR	devL1LP	0.002268777
PPS	PR	devL1LP	0.003697759
PR	PPS	devL1LP	0.003697759
PPS	PRP	devL1LP	0.003454063
PRP	PPS	devL1LP	0.003454063
PPS	PRR	devL1LP	0.000254834
PRR	PPS	devL1LP	0.000254834
PPS	PS	devL1LP	1.0
PS	PPS	devL1LP	1.0
PPS	PSP	devL1LP	0.001692166
PSP	PPS	devL1LP	0.001692166
PPS	PSS	devL1LP	1.0
PSS	PPS	devL1LP	1.0
PPS	R	devL1LP	2.09e-09
R	PPS	devL1LP	2.09e-09
PPS	RP	devL1LP	4.55e-05
RP	PPS	devL1LP	4.55e-05
PPS	RPP	devL1LP	0.937489522
RPP	PPS	devL1LP	0.937489522
PPS	RPR	devL1LP	9.81e-10
RPR	PPS	devL1LP	9.81e-10
PPS	RR	devL1LP	1.59e-10
RR	PPS	devL1LP	1.59e-10
PPS	RRP	devL1LP	1.0
RRP	PPS	devL1LP	1.0
PPS	RRR	devL1LP	8.38e-08
RRR	PPS	devL1LP	8.38e-08
PPS	RRS	devL1LP	1.0
RRS	PPS	devL1LP	1.0
PPS	RS	devL1LP	1.0
RS	PPS	devL1LP	1.0
PPS	RSR	devL1LP	4.28e-06
RSR	PPS	devL1LP	4.28e-06
PPS	RSS	devL1LP	1.0
RSS	PPS	devL1LP	1.0
PPS	S	devL1LP	1.0
S	PPS	devL1LP	1.0
PPS	SS	devL1LP	1.0
SS	PPS	devL1LP	1.0
PPS	SSS	devL1LP	1.0
SSS	PPS	devL1LP	1.0
PR	PRP	devL1LP	7.94e-17
PRP	PR	devL1LP	7.94e-17
PR	PRR	devL1LP	1.0
PRR	PR	devL1LP	1.0
PR	PS	devL1LP	0.000394996
PS	PR	devL1LP	0.000394996
PR	PSP	devL1LP	4.3e-18
PSP	PR	devL1LP	4.3e-18
PR	PSS	devL1LP	0.000161403
PSS	PR	devL1LP	0.000161403
PR	R	devL1LP	1.0
R	PR	devL1LP	1.0
PR	RP	devL1LP	3.58e-18
RP	PR	devL1LP	3.58e-18
PR	RPP	devL1LP	2.96e-12
RPP	PR	devL1LP	2.96e-12
PR	RPR	devL1LP	0.140845962
RPR	PR	devL1LP	0.140845962
PR	RR	devL1LP	0.093503193
RR	PR	devL1LP	0.093503193
PR	RRP	devL1LP	6.16e-05
RRP	PR	devL1LP	6.16e-05
PR	RRR	devL1LP	1.0
RRR	PR	devL1LP	1.0
PR	RRS	devL1LP	2.11e-05
RRS	PR	devL1LP	2.11e-05
PR	RS	devL1LP	6.16e-05
RS	PR	devL1LP	6.16e-05
PR	RSR	devL1LP	1.0
RSR	PR	devL1LP	1.0
PR	RSS	devL1LP	5.9e-05
RSS	PR	devL1LP	5.9e-05
PR	S	devL1LP	0.000114983
S	PR	devL1LP	0.000114983
PR	SS	devL1LP	2.2e-06
SS	PR	devL1LP	2.2e-06
PR	SSS	devL1LP	0.004745161
SSS	PR	devL1LP	0.004745161
PRP	PRR	devL1LP	3.72e-17
PRR	PRP	devL1LP	3.72e-17
PRP	PS	devL1LP	0.000995172
PS	PRP	devL1LP	0.000995172
PRP	PSP	devL1LP	1.0
PSP	PRP	devL1LP	1.0
PRP	PSS	devL1LP	0.133211531
PSS	PRP	devL1LP	0.133211531
PRP	R	devL1LP	2e-29
R	PRP	devL1LP	2e-29
PRP	RP	devL1LP	1.0
RP	PRP	devL1LP	1.0
PRP	RPP	devL1LP	1.0
RPP	PRP	devL1LP	1.0
PRP	RPR	devL1LP	1.73e-26
RPR	PRP	devL1LP	1.73e-26
PRP	RR	devL1LP	8.11e-29
RR	PRP	devL1LP	8.11e-29
PRP	RRP	devL1LP	0.003636246
RRP	PRP	devL1LP	0.003636246
PRP	RRR	devL1LP	1.24e-23
RRR	PRP	devL1LP	1.24e-23
PRP	RRS	devL1LP	0.094016679
RRS	PRP	devL1LP	0.094016679
PRP	RS	devL1LP	0.088285978
RS	PRP	devL1LP	0.088285978
PRP	RSR	devL1LP	2.93e-19
RSR	PRP	devL1LP	2.93e-19
PRP	RSS	devL1LP	0.150439099
RSS	PRP	devL1LP	0.150439099
PRP	S	devL1LP	3.88e-05
S	PRP	devL1LP	3.88e-05
PRP	SS	devL1LP	0.205067928
SS	PRP	devL1LP	0.205067928
PRP	SSS	devL1LP	0.60062818
SSS	PRP	devL1LP	0.60062818
PRR	PS	devL1LP	2.77e-05
PS	PRR	devL1LP	2.77e-05
PRR	PSP	devL1LP	3.35e-18
PSP	PRR	devL1LP	3.35e-18
PRR	PSS	devL1LP	1.12e-05
PSS	PRR	devL1LP	1.12e-05
PRR	R	devL1LP	1.0
R	PRR	devL1LP	1.0
PRR	RP	devL1LP	9.56e-19
RP	PRR	devL1LP	9.56e-19
PRR	RPP	devL1LP	7.87e-13
RPP	PRR	devL1LP	7.87e-13
PRR	RPR	devL1LP	1.0
RPR	PRR	devL1LP	1.0
PRR	RR	devL1LP	1.0
RR	PRR	devL1LP	1.0
PRR	RRP	devL1LP	4.61e-06
RRP	PRR	devL1LP	4.61e-06
PRR	RRR	devL1LP	1.0
RRR	PRR	devL1LP	1.0
PRR	RRS	devL1LP	1.54e-06
RRS	PRR	devL1LP	1.54e-06
PRR	RS	devL1LP	4.34e-06
RS	PRR	devL1LP	4.34e-06
PRR	RSR	devL1LP	1.0
RSR	PRR	devL1LP	1.0
PRR	RSS	devL1LP	4.14e-06
RSS	PRR	devL1LP	4.14e-06
PRR	S	devL1LP	9.27e-06
S	PRR	devL1LP	9.27e-06
PRR	SS	devL1LP	1.79e-07
SS	PRR	devL1LP	1.79e-07
PRR	SSS	devL1LP	0.000378356
SSS	PRR	devL1LP	0.000378356
PS	PSP	devL1LP	0.000402054
PSP	PS	devL1LP	0.000402054
PS	PSS	devL1LP	1.0
PSS	PS	devL1LP	1.0
PS	R	devL1LP	7.13e-12
R	PS	devL1LP	7.13e-12
PS	RP	devL1LP	1.11e-05
RP	PS	devL1LP	1.11e-05
PS	RPP	devL1LP	0.539221309
RPP	PS	devL1LP	0.539221309
PS	RPR	devL1LP	1.4e-11
RPR	PS	devL1LP	1.4e-11
PS	RR	devL1LP	1.05e-12
RR	PS	devL1LP	1.05e-12
PS	RRP	devL1LP	1.0
RRP	PS	devL1LP	1.0
PS	RRR	devL1LP	2.16e-09
RRR	PS	devL1LP	2.16e-09
PS	RRS	devL1LP	1.0
RRS	PS	devL1LP	1.0
PS	RS	devL1LP	1.0
RS	PS	devL1LP	1.0
PS	RSR	devL1LP	3.37e-07
RSR	PS	devL1LP	3.37e-07
PS	RSS	devL1LP	1.0
RSS	PS	devL1LP	1.0
PS	S	devL1LP	1.0
S	PS	devL1LP	1.0
PS	SS	devL1LP	1.0
SS	PS	devL1LP	1.0
PS	SSS	devL1LP	1.0
SSS	PS	devL1LP	1.0
PSP	PSS	devL1LP	0.083508761
PSS	PSP	devL1LP	0.083508761
PSP	R	devL1LP	1.14e-31
R	PSP	devL1LP	1.14e-31
PSP	RP	devL1LP	1.0
RP	PSP	devL1LP	1.0
PSP	RPP	devL1LP	1.0
RPP	PSP	devL1LP	1.0
PSP	RPR	devL1LP	5.13e-28
RPR	PSP	devL1LP	5.13e-28
PSP	RR	devL1LP	1.28e-30
RR	PSP	devL1LP	1.28e-30
PSP	RRP	devL1LP	0.001591988
RRP	PSP	devL1LP	0.001591988
PSP	RRR	devL1LP	4.63e-25
RRR	PSP	devL1LP	4.63e-25
PSP	RRS	devL1LP	0.055199616
RRS	PSP	devL1LP	0.055199616
PSP	RS	devL1LP	0.05253323
RS	PSP	devL1LP	0.05253323
PSP	RSR	devL1LP	2.76e-20
RSR	PSP	devL1LP	2.76e-20
PSP	RSS	devL1LP	0.093672115
RSS	PSP	devL1LP	0.093672115
PSP	S	devL1LP	1.03e-05
S	PSP	devL1LP	1.03e-05
PSP	SS	devL1LP	0.124676707
SS	PSP	devL1LP	0.124676707
PSP	SSS	devL1LP	0.444435912
SSS	PSP	devL1LP	0.444435912
PSS	R	devL1LP	3.33e-11
R	PSS	devL1LP	3.33e-11
PSS	RP	devL1LP	0.00264138
RP	PSS	devL1LP	0.00264138
PSS	RPP	devL1LP	1.0
RPP	PSS	devL1LP	1.0
PSS	RPR	devL1LP	2.07e-11
RPR	PSS	devL1LP	2.07e-11
PSS	RR	devL1LP	2.81e-12
RR	PSS	devL1LP	2.81e-12
PSS	RRP	devL1LP	1.0
RRP	PSS	devL1LP	1.0
PSS	RRR	devL1LP	2.09e-09
RRR	PSS	devL1LP	2.09e-09
PSS	RRS	devL1LP	1.0
RRS	PSS	devL1LP	1.0
PSS	RS	devL1LP	1.0
RS	PSS	devL1LP	1.0
PSS	RSR	devL1LP	1.61e-07
RSR	PSS	devL1LP	1.61e-07
PSS	RSS	devL1LP	1.0
RSS	PSS	devL1LP	1.0
PSS	S	devL1LP	1.0
S	PSS	devL1LP	1.0
PSS	SS	devL1LP	1.0
SS	PSS	devL1LP	1.0
PSS	SSS	devL1LP	1.0
SSS	PSS	devL1LP	1.0
R	RP	devL1LP	3.85e-29
RP	R	devL1LP	3.85e-29
R	RPP	devL1LP	2.51e-24
RPP	R	devL1LP	2.51e-24
R	RPR	devL1LP	1.0
RPR	R	devL1LP	1.0
R	RR	devL1LP	1.0
RR	R	devL1LP	1.0
R	RRP	devL1LP	2.91e-13
RRP	R	devL1LP	2.91e-13
R	RRR	devL1LP	1.0
RRR	R	devL1LP	1.0
R	RRS	devL1LP	3.84e-13
RRS	R	devL1LP	3.84e-13
R	RS	devL1LP	3.34e-12
RS	R	devL1LP	3.34e-12
R	RSR	devL1LP	1.0
RSR	R	devL1LP	1.0
R	RSS	devL1LP	4.71e-12
RSS	R	devL1LP	4.71e-12
R	S	devL1LP	4.85e-14
S	R	devL1LP	4.85e-14
R	SS	devL1LP	7.35e-15
SS	R	devL1LP	7.35e-15
R	SSS	devL1LP	8.55e-08
SSS	R	devL1LP	8.55e-08
RP	RPP	devL1LP	0.374522007
RPP	RP	devL1LP	0.374522007
RP	RPR	devL1LP	2.33e-27
RPR	RP	devL1LP	2.33e-27
RP	RR	devL1LP	3.09e-29
RR	RP	devL1LP	3.09e-29
RP	RRP	devL1LP	4.24e-05
RRP	RP	devL1LP	4.24e-05
RP	RRR	devL1LP	1.1e-24
RRR	RP	devL1LP	1.1e-24
RP	RRS	devL1LP	0.00159838
RRS	RP	devL1LP	0.00159838
RP	RS	devL1LP	0.001550026
RS	RP	devL1LP	0.001550026
RP	RSR	devL1LP	7.48e-21
RSR	RP	devL1LP	7.48e-21
RP	RSS	devL1LP	0.002918069
RSS	RP	devL1LP	0.002918069
RP	S	devL1LP	4.01e-07
S	RP	devL1LP	4.01e-07
RP	SS	devL1LP	0.003704644
SS	RP	devL1LP	0.003704644
RP	SSS	devL1LP	0.020856473
SSS	RP	devL1LP	0.020856473
RPP	RPR	devL1LP	1.14e-21
RPR	RPP	devL1LP	1.14e-21
RPP	RR	devL1LP	7.63e-24
RR	RPP	devL1LP	7.63e-24
RPP	RRP	devL1LP	1.0
RRP	RPP	devL1LP	1.0
RPP	RRR	devL1LP	6.79e-19
RRR	RPP	devL1LP	6.79e-19
RPP	RRS	devL1LP	1.0
RRS	RPP	devL1LP	1.0
RPP	RS	devL1LP	1.0
RS	RPP	devL1LP	1.0
RPP	RSR	devL1LP	6.05e-15
RSR	RPP	devL1LP	6.05e-15
RPP	RSS	devL1LP	1.0
RSS	RPP	devL1LP	1.0
RPP	S	devL1LP	0.073805563
S	RPP	devL1LP	0.073805563
RPP	SS	devL1LP	1.0
SS	RPP	devL1LP	1.0
RPP	SSS	devL1LP	1.0
SSS	RPP	devL1LP	1.0
RPR	RR	devL1LP	1.0
RR	RPR	devL1LP	1.0
RPR	RRP	devL1LP	1.04e-12
RRP	RPR	devL1LP	1.04e-12
RPR	RRR	devL1LP	1.0
RRR	RPR	devL1LP	1.0
RPR	RRS	devL1LP	6.55e-13
RRS	RPR	devL1LP	6.55e-13
RPR	RS	devL1LP	3.55e-12
RS	RPR	devL1LP	3.55e-12
RPR	RSR	devL1LP	1.0
RSR	RPR	devL1LP	1.0
RPR	RSS	devL1LP	4.21e-12
RSS	RPR	devL1LP	4.21e-12
RPR	S	devL1LP	7.32e-13
S	RPR	devL1LP	7.32e-13
RPR	SS	devL1LP	2.75e-14
SS	RPR	devL1LP	2.75e-14
RPR	SSS	devL1LP	1.45e-08
SSS	RPR	devL1LP	1.45e-08
RR	RRP	devL1LP	5.82e-14
RRP	RR	devL1LP	5.82e-14
RR	RRR	devL1LP	1.0
RRR	RR	devL1LP	1.0
RR	RRS	devL1LP	5.15e-14
RRS	RR	devL1LP	5.15e-14
RR	RS	devL1LP	3.58e-13
RS	RR	devL1LP	3.58e-13
RR	RSR	devL1LP	1.0
RSR	RR	devL1LP	1.0
RR	RSS	devL1LP	4.65e-13
RSS	RR	devL1LP	4.65e-13
RR	S	devL1LP	2.25e-14
S	RR	devL1LP	2.25e-14
RR	SS	devL1LP	1.47e-15
SS	RR	devL1LP	1.47e-15
RR	SSS	devL1LP	4.99e-09
SSS	RR	devL1LP	4.99e-09
RRP	RRR	devL1LP	1.98e-10
RRR	RRP	devL1LP	1.98e-10
RRP	RRS	devL1LP	1.0
RRS	RRP	devL1LP	1.0
RRP	RS	devL1LP	1.0
RS	RRP	devL1LP	1.0
RRP	RSR	devL1LP	5.02e-08
RSR	RRP	devL1LP	5.02e-08
RRP	RSS	devL1LP	1.0
RSS	RRP	devL1LP	1.0
RRP	S	devL1LP	1.0
S	RRP	devL1LP	1.0
RRP	SS	devL1LP	1.0
SS	RRP	devL1LP	1.0
RRP	SSS	devL1LP	1.0
SSS	RRP	devL1LP	1.0
RRR	RRS	devL1LP	1.01e-10
RRS	RRR	devL1LP	1.01e-10
RRR	RS	devL1LP	4.56e-10
RS	RRR	devL1LP	4.56e-10
RRR	RSR	devL1LP	1.0
RSR	RRR	devL1LP	1.0
RRR	RSS	devL1LP	5.05e-10
RSS	RRR	devL1LP	5.05e-10
RRR	S	devL1LP	1.93e-10
S	RRR	devL1LP	1.93e-10
RRR	SS	devL1LP	5.52e-12
SS	RRR	devL1LP	5.52e-12
RRR	SSS	devL1LP	5.78e-07
SSS	RRR	devL1LP	5.78e-07
RRS	RS	devL1LP	1.0
RS	RRS	devL1LP	1.0
RRS	RSR	devL1LP	1.79e-08
RSR	RRS	devL1LP	1.79e-08
RRS	RSS	devL1LP	1.0
RSS	RRS	devL1LP	1.0
RRS	S	devL1LP	1.0
S	RRS	devL1LP	1.0
RRS	SS	devL1LP	1.0
SS	RRS	devL1LP	1.0
RRS	SSS	devL1LP	1.0
SSS	RRS	devL1LP	1.0
RS	RSR	devL1LP	5.52e-08
RSR	RS	devL1LP	5.52e-08
RS	RSS	devL1LP	1.0
RSS	RS	devL1LP	1.0
RS	S	devL1LP	1.0
S	RS	devL1LP	1.0
RS	SS	devL1LP	1.0
SS	RS	devL1LP	1.0
RS	SSS	devL1LP	1.0
SSS	RS	devL1LP	1.0
RSR	RSS	devL1LP	5.41e-08
RSS	RSR	devL1LP	5.41e-08
RSR	S	devL1LP	9.15e-08
S	RSR	devL1LP	9.15e-08
RSR	SS	devL1LP	1.82e-09
SS	RSR	devL1LP	1.82e-09
RSR	SSS	devL1LP	9.82e-06
SSS	RSR	devL1LP	9.82e-06
RSS	S	devL1LP	1.0
S	RSS	devL1LP	1.0
RSS	SS	devL1LP	1.0
SS	RSS	devL1LP	1.0
RSS	SSS	devL1LP	1.0
SSS	RSS	devL1LP	1.0
S	SS	devL1LP	1.0
SS	S	devL1LP	1.0
S	SSS	devL1LP	1.0
SSS	S	devL1LP	1.0
SS	SSS	devL1LP	1.0
SSS	SS	devL1LP	1.0
P	PP	devLPA	1.0
PP	P	devLPA	1.0
P	PPP	devLPA	0.001108138
PPP	P	devLPA	0.001108138
P	PPR	devLPA	1.0
PPR	P	devLPA	1.0
P	PPS	devLPA	0.192164487
PPS	P	devLPA	0.192164487
P	PR	devLPA	0.520371434
PR	P	devLPA	0.520371434
P	PRP	devLPA	1.56e-07
PRP	P	devLPA	1.56e-07
P	PRR	devLPA	1.0
PRR	P	devLPA	1.0
P	PS	devLPA	1.0
PS	P	devLPA	1.0
P	PSP	devLPA	8.51e-07
PSP	P	devLPA	8.51e-07
P	PSS	devLPA	0.34578438
PSS	P	devLPA	0.34578438
P	R	devLPA	1.0
R	P	devLPA	1.0
P	RP	devLPA	1.0
RP	P	devLPA	1.0
P	RPP	devLPA	1.0
RPP	P	devLPA	1.0
P	RPR	devLPA	1.0
RPR	P	devLPA	1.0
P	RR	devLPA	7.49e-12
RR	P	devLPA	7.49e-12
P	RRP	devLPA	1.0
RRP	P	devLPA	1.0
P	RRR	devLPA	1.0
RRR	P	devLPA	1.0
P	RRS	devLPA	1.0
RRS	P	devLPA	1.0
P	RS	devLPA	1.0
RS	P	devLPA	1.0
P	RSR	devLPA	1.0
RSR	P	devLPA	1.0
P	RSS	devLPA	1.0
RSS	P	devLPA	1.0
P	S	devLPA	1.0
S	P	devLPA	1.0
P	SS	devLPA	0.994122389
SS	P	devLPA	0.994122389
P	SSS	devLPA	1.0
SSS	P	devLPA	1.0
PP	PPP	devLPA	0.981759337
PPP	PP	devLPA	0.981759337
PP	PPR	devLPA	1.0
PPR	PP	devLPA	1.0
PP	PPS	devLPA	1.0
PPS	PP	devLPA	1.0
PP	PR	devLPA	1.0
PR	PP	devLPA	1.0
PP	PRP	devLPA	0.005194721
PRP	PP	devLPA	0.005194721
PP	PRR	devLPA	1.0
PRR	PP	devLPA	1.0
PP	PS	devLPA	1.0
PS	PP	devLPA	1.0
PP	PSP	devLPA	0.020154809
PSP	PP	devLPA	0.020154809
PP	PSS	devLPA	1.0
PSS	PP	devLPA	1.0
PP	R	devLPA	1.0
R	PP	devLPA	1.0
PP	RP	devLPA	1.0
RP	PP	devLPA	1.0
PP	RPP	devLPA	1.0
RPP	PP	devLPA	1.0
PP	RPR	devLPA	1.0
RPR	PP	devLPA	1.0
PP	RR	devLPA	8.25e-06
RR	PP	devLPA	8.25e-06
PP	RRP	devLPA	1.0
RRP	PP	devLPA	1.0
PP	RRR	devLPA	1.0
RRR	PP	devLPA	1.0
PP	RRS	devLPA	1.0
RRS	PP	devLPA	1.0
PP	RS	devLPA	1.0
RS	PP	devLPA	1.0
PP	RSR	devLPA	1.0
RSR	PP	devLPA	1.0
PP	RSS	devLPA	1.0
RSS	PP	devLPA	1.0
PP	S	devLPA	1.0
S	PP	devLPA	1.0
PP	SS	devLPA	1.0
SS	PP	devLPA	1.0
PP	SSS	devLPA	1.0
SSS	PP	devLPA	1.0
PPP	PPR	devLPA	0.011470848
PPR	PPP	devLPA	0.011470848
PPP	PPS	devLPA	1.0
PPS	PPP	devLPA	1.0
PPP	PR	devLPA	1.0
PR	PPP	devLPA	1.0
PPP	PRP	devLPA	1.0
PRP	PPP	devLPA	1.0
PPP	PRR	devLPA	0.004511714
PRR	PPP	devLPA	0.004511714
PPP	PS	devLPA	0.033935685
PS	PPP	devLPA	0.033935685
PPP	PSP	devLPA	1.0
PSP	PPP	devLPA	1.0
PPP	PSS	devLPA	1.0
PSS	PPP	devLPA	1.0
PPP	R	devLPA	1.0
R	PPP	devLPA	1.0
PPP	RP	devLPA	1.0
RP	PPP	devLPA	1.0
PPP	RPP	devLPA	0.000137015
RPP	PPP	devLPA	0.000137015
PPP	RPR	devLPA	1.0
RPR	PPP	devLPA	1.0
PPP	RR	devLPA	1.0
RR	PPP	devLPA	1.0
PPP	RRP	devLPA	0.945873562
RRP	PPP	devLPA	0.945873562
PPP	RRR	devLPA	1.0
RRR	PPP	devLPA	1.0
PPP	RRS	devLPA	0.000283349
RRS	PPP	devLPA	0.000283349
PPP	RS	devLPA	1.0
RS	PPP	devLPA	1.0
PPP	RSR	devLPA	1.0
RSR	PPP	devLPA	1.0
PPP	RSS	devLPA	0.086416496
RSS	PPP	devLPA	0.086416496
PPP	S	devLPA	9.23e-05
S	PPP	devLPA	9.23e-05
PPP	SS	devLPA	1.0
SS	PPP	devLPA	1.0
PPP	SSS	devLPA	0.677016828
SSS	PPP	devLPA	0.677016828
PPR	PPS	devLPA	0.388955426
PPS	PPR	devLPA	0.388955426
PPR	PR	devLPA	0.989058852
PR	PPR	devLPA	0.989058852
PPR	PRP	devLPA	4.49e-05
PRP	PPR	devLPA	4.49e-05
PPR	PRR	devLPA	1.0
PRR	PPR	devLPA	1.0
PPR	PS	devLPA	1.0
PS	PPR	devLPA	1.0
PPR	PSP	devLPA	0.000172871
PSP	PPR	devLPA	0.000172871
PPR	PSS	devLPA	0.539406082
PSS	PPR	devLPA	0.539406082
PPR	R	devLPA	1.0
R	PPR	devLPA	1.0
PPR	RP	devLPA	1.0
RP	PPR	devLPA	1.0
PPR	RPP	devLPA	1.0
RPP	PPR	devLPA	1.0
PPR	RPR	devLPA	1.0
RPR	PPR	devLPA	1.0
PPR	RR	devLPA	9.67e-08
RR	PPR	devLPA	9.67e-08
PPR	RRP	devLPA	1.0
RRP	PPR	devLPA	1.0
PPR	RRR	devLPA	1.0
RRR	PPR	devLPA	1.0
PPR	RRS	devLPA	1.0
RRS	PPR	devLPA	1.0
PPR	RS	devLPA	1.0
RS	PPR	devLPA	1.0
PPR	RSR	devLPA	1.0
RSR	PPR	devLPA	1.0
PPR	RSS	devLPA	1.0
RSS	PPR	devLPA	1.0
PPR	S	devLPA	1.0
S	PPR	devLPA	1.0
PPR	SS	devLPA	1.0
SS	PPR	devLPA	1.0
PPR	SSS	devLPA	1.0
SSS	PPR	devLPA	1.0
PPS	PR	devLPA	1.0
PR	PPS	devLPA	1.0
PPS	PRP	devLPA	1.0
PRP	PPS	devLPA	1.0
PPS	PRR	devLPA	0.274244399
PRR	PPS	devLPA	0.274244399
PPS	PS	devLPA	1.0
PS	PPS	devLPA	1.0
PPS	PSP	devLPA	1.0
PSP	PPS	devLPA	1.0
PPS	PSS	devLPA	1.0
PSS	PPS	devLPA	1.0
PPS	R	devLPA	1.0
R	PPS	devLPA	1.0
PPS	RP	devLPA	1.0
RP	PPS	devLPA	1.0
PPS	RPP	devLPA	0.028409334
RPP	PPS	devLPA	0.028409334
PPS	RPR	devLPA	1.0
RPR	PPS	devLPA	1.0
PPS	RR	devLPA	0.045953538
RR	PPS	devLPA	0.045953538
PPS	RRP	devLPA	1.0
RRP	PPS	devLPA	1.0
PPS	RRR	devLPA	1.0
RRR	PPS	devLPA	1.0
PPS	RRS	devLPA	0.037790714
RRS	PPS	devLPA	0.037790714
PPS	RS	devLPA	1.0
RS	PPS	devLPA	1.0
PPS	RSR	devLPA	1.0
RSR	PPS	devLPA	1.0
PPS	RSS	devLPA	1.0
RSS	PPS	devLPA	1.0
PPS	S	devLPA	0.030464205
S	PPS	devLPA	0.030464205
PPS	SS	devLPA	1.0
SS	PPS	devLPA	1.0
PPS	SSS	devLPA	1.0
SSS	PPS	devLPA	1.0
PR	PRP	devLPA	0.231154074
PRP	PR	devLPA	0.231154074
PR	PRR	devLPA	0.731598806
PRR	PR	devLPA	0.731598806
PR	PS	devLPA	1.0
PS	PR	devLPA	1.0
PR	PSP	devLPA	0.740608917
PSP	PR	devLPA	0.740608917
PR	PSS	devLPA	1.0
PSS	PR	devLPA	1.0
PR	R	devLPA	1.0
R	PR	devLPA	1.0
PR	RP	devLPA	1.0
RP	PR	devLPA	1.0
PR	RPP	devLPA	0.073871595
RPP	PR	devLPA	0.073871595
PR	RPR	devLPA	1.0
RPR	PR	devLPA	1.0
PR	RR	devLPA	0.001066117
RR	PR	devLPA	0.001066117
PR	RRP	devLPA	1.0
RRP	PR	devLPA	1.0
PR	RRR	devLPA	1.0
RRR	PR	devLPA	1.0
PR	RRS	devLPA	0.100583719
RRS	PR	devLPA	0.100583719
PR	RS	devLPA	1.0
RS	PR	devLPA	1.0
PR	RSR	devLPA	1.0
RSR	PR	devLPA	1.0
PR	RSS	devLPA	1.0
RSS	PR	devLPA	1.0
PR	S	devLPA	0.076151061
S	PR	devLPA	0.076151061
PR	SS	devLPA	1.0
SS	PR	devLPA	1.0
PR	SSS	devLPA	1.0
SSS	PR	devLPA	1.0
PRP	PRR	devLPA	5.77e-06
PRR	PRP	devLPA	5.77e-06
PRP	PS	devLPA	3.71e-05
PS	PRP	devLPA	3.71e-05
PRP	PSP	devLPA	1.0
PSP	PRP	devLPA	1.0
PRP	PSS	devLPA	1.0
PSS	PRP	devLPA	1.0
PRP	R	devLPA	0.012518048
R	PRP	devLPA	0.012518048
PRP	RP	devLPA	1.0
RP	PRP	devLPA	1.0
PRP	RPP	devLPA	2.07e-08
RPP	PRP	devLPA	2.07e-08
PRP	RPR	devLPA	0.085207046
RPR	PRP	devLPA	0.085207046
PRP	RR	devLPA	1.0
RR	PRP	devLPA	1.0
PRP	RRP	devLPA	0.004150831
RRP	PRP	devLPA	0.004150831
PRP	RRR	devLPA	0.670427582
RRR	PRP	devLPA	0.670427582
PRP	RRS	devLPA	1.04e-07
RRS	PRP	devLPA	1.04e-07
PRP	RS	devLPA	0.348441604
RS	PRP	devLPA	0.348441604
PRP	RSR	devLPA	0.914342796
RSR	PRP	devLPA	0.914342796
PRP	RSS	devLPA	0.000275697
RSS	PRP	devLPA	0.000275697
PRP	S	devLPA	4.9e-09
S	PRP	devLPA	4.9e-09
PRP	SS	devLPA	0.338901624
SS	PRP	devLPA	0.338901624
PRP	SSS	devLPA	0.011533671
SSS	PRP	devLPA	0.011533671
PRR	PS	devLPA	1.0
PS	PRR	devLPA	1.0
PRR	PSP	devLPA	2.6e-05
PSP	PRR	devLPA	2.6e-05
PRR	PSS	devLPA	0.41565691
PSS	PRR	devLPA	0.41565691
PRR	R	devLPA	1.0
R	PRR	devLPA	1.0
PRR	RP	devLPA	1.0
RP	PRR	devLPA	1.0
PRR	RPP	devLPA	1.0
RPP	PRR	devLPA	1.0
PRR	RPR	devLPA	1.0
RPR	PRR	devLPA	1.0
PRR	RR	devLPA	3.48e-09
RR	PRR	devLPA	3.48e-09
PRR	RRP	devLPA	1.0
RRP	PRR	devLPA	1.0
PRR	RRR	devLPA	1.0
RRR	PRR	devLPA	1.0
PRR	RRS	devLPA	1.0
RRS	PRR	devLPA	1.0
PRR	RS	devLPA	1.0
RS	PRR	devLPA	1.0
PRR	RSR	devLPA	1.0
RSR	PRR	devLPA	1.0
PRR	RSS	devLPA	1.0
RSS	PRR	devLPA	1.0
PRR	S	devLPA	1.0
S	PRR	devLPA	1.0
PRR	SS	devLPA	1.0
SS	PRR	devLPA	1.0
PRR	SSS	devLPA	1.0
SSS	PRR	devLPA	1.0
PS	PSP	devLPA	0.000173712
PSP	PS	devLPA	0.000173712
PS	PSS	devLPA	1.0
PSS	PS	devLPA	1.0
PS	R	devLPA	1.0
R	PS	devLPA	1.0
PS	RP	devLPA	1.0
RP	PS	devLPA	1.0
PS	RPP	devLPA	1.0
RPP	PS	devLPA	1.0
PS	RPR	devLPA	1.0
RPR	PS	devLPA	1.0
PS	RR	devLPA	1.38e-08
RR	PS	devLPA	1.38e-08
PS	RRP	devLPA	1.0
RRP	PS	devLPA	1.0
PS	RRR	devLPA	1.0
RRR	PS	devLPA	1.0
PS	RRS	devLPA	1.0
RRS	PS	devLPA	1.0
PS	RS	devLPA	1.0
RS	PS	devLPA	1.0
PS	RSR	devLPA	1.0
RSR	PS	devLPA	1.0
PS	RSS	devLPA	1.0
RSS	PS	devLPA	1.0
PS	S	devLPA	1.0
S	PS	devLPA	1.0
PS	SS	devLPA	1.0
SS	PS	devLPA	1.0
PS	SSS	devLPA	1.0
SSS	PS	devLPA	1.0
PSP	PSS	devLPA	1.0
PSS	PSP	devLPA	1.0
PSP	R	devLPA	0.049281592
R	PSP	devLPA	0.049281592
PSP	RP	devLPA	1.0
RP	PSP	devLPA	1.0
PSP	RPP	devLPA	1.11e-07
RPP	PSP	devLPA	1.11e-07
PSP	RPR	devLPA	0.264759229
RPR	PSP	devLPA	0.264759229
PSP	RR	devLPA	1.0
RR	PSP	devLPA	1.0
PSP	RRP	devLPA	0.016646521
RRP	PSP	devLPA	0.016646521
PSP	RRR	devLPA	1.0
RRR	PSP	devLPA	1.0
PSP	RRS	devLPA	5.24e-07
RRS	PSP	devLPA	5.24e-07
PSP	RS	devLPA	1.0
RS	PSP	devLPA	1.0
PSP	RSR	devLPA	1.0
RSR	PSP	devLPA	1.0
PSP	RSS	devLPA	0.001121116
RSS	PSP	devLPA	0.001121116
PSP	S	devLPA	2.76e-08
S	PSP	devLPA	2.76e-08
PSP	SS	devLPA	1.0
SS	PSP	devLPA	1.0
PSP	SSS	devLPA	0.035026298
SSS	PSP	devLPA	0.035026298
PSS	R	devLPA	1.0
R	PSS	devLPA	1.0
PSS	RP	devLPA	1.0
RP	PSS	devLPA	1.0
PSS	RPP	devLPA	0.055531223
RPP	PSS	devLPA	0.055531223
PSS	RPR	devLPA	1.0
RPR	PSS	devLPA	1.0
PSS	RR	devLPA	0.063984255
RR	PSS	devLPA	0.063984255
PSS	RRP	devLPA	1.0
RRP	PSS	devLPA	1.0
PSS	RRR	devLPA	1.0
RRR	PSS	devLPA	1.0
PSS	RRS	devLPA	0.067743233
RRS	PSS	devLPA	0.067743233
PSS	RS	devLPA	1.0
RS	PSS	devLPA	1.0
PSS	RSR	devLPA	1.0
RSR	PSS	devLPA	1.0
PSS	RSS	devLPA	1.0
RSS	PSS	devLPA	1.0
PSS	S	devLPA	0.064872896
S	PSS	devLPA	0.064872896
PSS	SS	devLPA	1.0
SS	PSS	devLPA	1.0
PSS	SSS	devLPA	1.0
SSS	PSS	devLPA	1.0
R	RP	devLPA	1.0
RP	R	devLPA	1.0
R	RPP	devLPA	0.477037205
RPP	R	devLPA	0.477037205
R	RPR	devLPA	1.0
RPR	R	devLPA	1.0
R	RR	devLPA	1.64e-05
RR	R	devLPA	1.64e-05
R	RRP	devLPA	1.0
RRP	R	devLPA	1.0
R	RRR	devLPA	1.0
RRR	R	devLPA	1.0
R	RRS	devLPA	0.570936525
RRS	R	devLPA	0.570936525
R	RS	devLPA	1.0
RS	R	devLPA	1.0
R	RSR	devLPA	1.0
RSR	R	devLPA	1.0
R	RSS	devLPA	1.0
RSS	R	devLPA	1.0
R	S	devLPA	0.558297202
S	R	devLPA	0.558297202
R	SS	devLPA	1.0
SS	R	devLPA	1.0
R	SSS	devLPA	1.0
SSS	R	devLPA	1.0
RP	RPP	devLPA	0.431439004
RPP	RP	devLPA	0.431439004
RP	RPR	devLPA	1.0
RPR	RP	devLPA	1.0
RP	RR	devLPA	0.044289809
RR	RP	devLPA	0.044289809
RP	RRP	devLPA	1.0
RRP	RP	devLPA	1.0
RP	RRR	devLPA	1.0
RRR	RP	devLPA	1.0
RP	RRS	devLPA	0.442427641
RRS	RP	devLPA	0.442427641
RP	RS	devLPA	1.0
RS	RP	devLPA	1.0
RP	RSR	devLPA	1.0
RSR	RP	devLPA	1.0
RP	RSS	devLPA	1.0
RSS	RP	devLPA	1.0
RP	S	devLPA	0.580753098
S	RP	devLPA	0.580753098
RP	SS	devLPA	1.0
SS	RP	devLPA	1.0
RP	SSS	devLPA	1.0
SSS	RP	devLPA	1.0
RPP	RPR	devLPA	1.0
RPR	RPP	devLPA	1.0
RPP	RR	devLPA	1.43e-12
RR	RPP	devLPA	1.43e-12
RPP	RRP	devLPA	1.0
RRP	RPP	devLPA	1.0
RPP	RRR	devLPA	0.22020319
RRR	RPP	devLPA	0.22020319
RPP	RRS	devLPA	1.0
RRS	RPP	devLPA	1.0
RPP	RS	devLPA	0.360693197
RS	RPP	devLPA	0.360693197
RPP	RSR	devLPA	0.793542909
RSR	RPP	devLPA	0.793542909
RPP	RSS	devLPA	1.0
RSS	RPP	devLPA	1.0
RPP	S	devLPA	1.0
S	RPP	devLPA	1.0
RPP	SS	devLPA	0.157817605
SS	RPP	devLPA	0.157817605
RPP	SSS	devLPA	1.0
SSS	RPP	devLPA	1.0
RPR	RR	devLPA	0.000541198
RR	RPR	devLPA	0.000541198
RPR	RRP	devLPA	1.0
RRP	RPR	devLPA	1.0
RPR	RRR	devLPA	1.0
RRR	RPR	devLPA	1.0
RPR	RRS	devLPA	1.0
RRS	RPR	devLPA	1.0
RPR	RS	devLPA	1.0
RS	RPR	devLPA	1.0
RPR	RSR	devLPA	1.0
RSR	RPR	devLPA	1.0
RPR	RSS	devLPA	1.0
RSS	RPR	devLPA	1.0
RPR	S	devLPA	1.0
S	RPR	devLPA	1.0
RPR	SS	devLPA	1.0
SS	RPR	devLPA	1.0
RPR	SSS	devLPA	1.0
SSS	RPR	devLPA	1.0
RR	RRP	devLPA	5.1e-06
RRP	RR	devLPA	5.1e-06
RR	RRR	devLPA	0.007695775
RRR	RR	devLPA	0.007695775
RR	RRS	devLPA	1.88e-11
RRS	RR	devLPA	1.88e-11
RR	RS	devLPA	0.003000695
RS	RR	devLPA	0.003000695
RR	RSR	devLPA	0.017189953
RSR	RR	devLPA	0.017189953
RR	RSS	devLPA	3.55e-07
RSS	RR	devLPA	3.55e-07
RR	S	devLPA	1.02e-13
S	RR	devLPA	1.02e-13
RR	SS	devLPA	0.002356661
SS	RR	devLPA	0.002356661
RR	SSS	devLPA	9.79e-05
SSS	RR	devLPA	9.79e-05
RRP	RRR	devLPA	1.0
RRR	RRP	devLPA	1.0
RRP	RRS	devLPA	1.0
RRS	RRP	devLPA	1.0
RRP	RS	devLPA	1.0
RS	RRP	devLPA	1.0
RRP	RSR	devLPA	1.0
RSR	RRP	devLPA	1.0
RRP	RSS	devLPA	1.0
RSS	RRP	devLPA	1.0
RRP	S	devLPA	1.0
S	RRP	devLPA	1.0
RRP	SS	devLPA	1.0
SS	RRP	devLPA	1.0
RRP	SSS	devLPA	1.0
SSS	RRP	devLPA	1.0
RRR	RRS	devLPA	0.249332223
RRS	RRR	devLPA	0.249332223
RRR	RS	devLPA	1.0
RS	RRR	devLPA	1.0
RRR	RSR	devLPA	1.0
RSR	RRR	devLPA	1.0
RRR	RSS	devLPA	1.0
RSS	RRR	devLPA	1.0
RRR	S	devLPA	0.274412191
S	RRR	devLPA	0.274412191
RRR	SS	devLPA	1.0
SS	RRR	devLPA	1.0
RRR	SSS	devLPA	1.0
SSS	RRR	devLPA	1.0
RRS	RS	devLPA	0.397969069
RS	RRS	devLPA	0.397969069
RRS	RSR	devLPA	0.791886688
RSR	RRS	devLPA	0.791886688
RRS	RSS	devLPA	1.0
RSS	RRS	devLPA	1.0
RRS	S	devLPA	1.0
S	RRS	devLPA	1.0
RRS	SS	devLPA	0.191112551
SS	RRS	devLPA	0.191112551
RRS	SSS	devLPA	1.0
SSS	RRS	devLPA	1.0
RS	RSR	devLPA	1.0
RSR	RS	devLPA	1.0
RS	RSS	devLPA	1.0
RSS	RS	devLPA	1.0
RS	S	devLPA	0.459345484
S	RS	devLPA	0.459345484
RS	SS	devLPA	1.0
SS	RS	devLPA	1.0
RS	SSS	devLPA	1.0
SSS	RS	devLPA	1.0
RSR	RSS	devLPA	1.0
RSS	RSR	devLPA	1.0
RSR	S	devLPA	1.0
S	RSR	devLPA	1.0
RSR	SS	devLPA	1.0
SS	RSR	devLPA	1.0
RSR	SSS	devLPA	1.0
SSS	RSR	devLPA	1.0
RSS	S	devLPA	1.0
S	RSS	devLPA	1.0
RSS	SS	devLPA	1.0
SS	RSS	devLPA	1.0
RSS	SSS	devLPA	1.0
SSS	RSS	devLPA	1.0
S	SS	devLPA	0.184434248
SS	S	devLPA	0.184434248
S	SSS	devLPA	1.0
SSS	S	devLPA	1.0
SS	SSS	devLPA	1.0
SSS	SS	devLPA	1.0
